x:image,y:label,y'__0,y'__1,y'__2,y'__3,y'__4
C:\Users\PC_User\Documents\datasetneoneo\0\1702.png,0,13.056941,-4.578239,-11.619426,-5.047937,-6.9958143
C:\Users\PC_User\Documents\datasetneoneo\1\0657.png,1,-4.189326,9.353307,-2.5372236,-5.830929,-8.629404
C:\Users\PC_User\Documents\datasetneoneo\0\0887.png,0,15.253773,-7.2480793,-13.043025,-5.086359,-8.564132
C:\Users\PC_User\Documents\datasetneoneo\2\1541.png,2,-9.663006,0.11727633,9.048943,-5.428526,-6.742868
C:\Users\PC_User\Documents\datasetneoneo\0\1781.png,0,15.429326,-5.2671375,-13.416131,-5.668701,-7.848632
C:\Users\PC_User\Documents\datasetneoneo\0\0844.png,0,16.302261,-6.900045,-13.313701,-6.199518,-9.821956
C:\Users\PC_User\Documents\datasetneoneo\0\0282.png,0,24.094143,-10.401996,-21.683567,-6.99401,-12.865956
C:\Users\PC_User\Documents\datasetneoneo\0\2591.png,0,18.5149,-8.866844,-17.02111,-6.23076,-9.498435
C:\Users\PC_User\Documents\datasetneoneo\0\1860.png,0,17.49954,-8.426044,-15.86916,-6.0711346,-9.193129
C:\Users\PC_User\Documents\datasetneoneo\0\0681.png,0,15.398921,-1.4276588,-13.862403,-7.232473,-7.727119
C:\Users\PC_User\Documents\datasetneoneo\0\0890.png,0,16.366352,-8.015679,-14.058928,-5.4414196,-9.079686
C:\Users\PC_User\Documents\datasetneoneo\0\2303.png,0,14.216714,-6.924838,-12.98224,-5.3528633,-7.471508
C:\Users\PC_User\Documents\datasetneoneo\0\2156.png,0,16.097862,-6.967734,-15.03547,-5.461484,-8.457026
C:\Users\PC_User\Documents\datasetneoneo\0\2575.png,0,18.614708,-8.964732,-17.08694,-6.211545,-9.571421
C:\Users\PC_User\Documents\datasetneoneo\1\1229.png,1,1.1786615,8.034544,-3.7749867,-5.2198353,-6.5491447
C:\Users\PC_User\Documents\datasetneoneo\0\2524.png,0,16.574142,-8.6077385,-15.325063,-5.8396206,-8.579682
C:\Users\PC_User\Documents\datasetneoneo\0\0275.png,0,16.845673,-4.6768174,-14.153194,-6.70694,-8.68407
C:\Users\PC_User\Documents\datasetneoneo\0\2535.png,0,15.596429,-6.903204,-14.30919,-5.964813,-8.191144
C:\Users\PC_User\Documents\datasetneoneo\0\3012.png,0,22.587801,-6.860405,-19.2002,-8.550926,-12.757724
C:\Users\PC_User\Documents\datasetneoneo\0\1968.png,0,17.456234,-8.229492,-15.846995,-5.9634237,-9.256812
C:\Users\PC_User\Documents\datasetneoneo\0\0314.png,0,11.677428,-7.2385573,-11.259168,-4.3524766,-6.063037
C:\Users\PC_User\Documents\datasetneoneo\2\3420.png,2,-13.12175,0.0044493824,9.83239,-3.4923496,-3.8979995
C:\Users\PC_User\Documents\datasetneoneo\0\0259.png,0,16.18671,-9.847689,-15.324081,-5.5707607,-8.384103
C:\Users\PC_User\Documents\datasetneoneo\2\1213.png,2,-9.344064,-1.9113486,8.015417,-4.1015797,-3.7804935
C:\Users\PC_User\Documents\datasetneoneo\2\3363.png,2,-12.540601,1.7654921,10.926942,-5.522334,-8.181934
C:\Users\PC_User\Documents\datasetneoneo\0\2803.png,0,18.08964,-7.959155,-16.400866,-6.3571625,-9.496242
C:\Users\PC_User\Documents\datasetneoneo\2\3379.png,2,-10.502689,1.1311598,7.699476,-3.834515,-4.840821
C:\Users\PC_User\Documents\datasetneoneo\0\2038.png,0,14.299843,-5.0936756,-13.498896,-5.312941,-7.224407
C:\Users\PC_User\Documents\datasetneoneo\1\1455.png,1,-8.144798,4.2442083,5.0381165,-4.6359887,-6.791857
C:\Users\PC_User\Documents\datasetneoneo\2\3450.png,2,-6.708932,-1.9619842,1.0655298,1.2862902,-0.1327095
C:\Users\PC_User\Documents\datasetneoneo\0\1593.png,0,9.735793,-4.5550594,-8.40944,-3.788356,-4.8700976
C:\Users\PC_User\Documents\datasetneoneo\0\0868.png,0,18.102644,-6.883339,-15.245833,-6.5466924,-9.582762
C:\Users\PC_User\Documents\datasetneoneo\0\1685.png,0,18.744534,-9.287442,-17.023691,-6.3797736,-9.506226
C:\Users\PC_User\Documents\datasetneoneo\0\2654.png,0,14.139648,-7.391784,-12.296007,-5.0348635,-7.945996
C:\Users\PC_User\Documents\datasetneoneo\0\2271.png,0,9.730364,-6.1541777,-8.564906,-3.3530848,-5.1518707
C:\Users\PC_User\Documents\datasetneoneo\0\1984.png,0,17.61092,-6.700921,-15.961388,-6.409655,-9.184239
C:\Users\PC_User\Documents\datasetneoneo\0\2747.png,0,18.145065,-7.892271,-16.394814,-6.4508834,-9.236534
C:\Users\PC_User\Documents\datasetneoneo\4\0612.png,4,-8.39841,-9.728563,-7.478652,-3.6223211,6.25165
C:\Users\PC_User\Documents\datasetneoneo\0\0501.png,0,18.341038,-7.8885,-14.169993,-6.6175776,-11.70318
C:\Users\PC_User\Documents\datasetneoneo\2\1464.png,2,-8.790111,0.038435638,6.4207354,-2.7333622,-4.1421056
C:\Users\PC_User\Documents\datasetneoneo\0\1831.png,0,15.336258,-4.5937815,-13.782038,-6.217453,-8.177523
C:\Users\PC_User\Documents\datasetneoneo\2\3344.png,2,-9.608295,1.7347426,5.972813,-2.1273224,-4.500022
C:\Users\PC_User\Documents\datasetneoneo\0\0735.png,0,15.928819,-5.7718725,-14.220784,-5.4361634,-8.85625
C:\Users\PC_User\Documents\datasetneoneo\0\1905.png,0,12.802014,-2.5467775,-12.356846,-5.33886,-6.715709
C:\Users\PC_User\Documents\datasetneoneo\1\3107.png,1,-1.3479424,8.163433,-3.0440445,-5.6231537,-7.803531
C:\Users\PC_User\Documents\datasetneoneo\2\1513.png,2,-13.199098,-0.9018165,11.7903,-6.02244,-6.0811377
C:\Users\PC_User\Documents\datasetneoneo\0\3204.png,0,17.096346,-5.96285,-14.557662,-5.9643292,-9.360705
C:\Users\PC_User\Documents\datasetneoneo\0\1710.png,0,14.308743,-3.4560342,-12.833331,-6.2659526,-7.785856
C:\Users\PC_User\Documents\datasetneoneo\2\1246.png,2,-9.725387,-1.0054246,9.005959,-4.942115,-4.8972664
C:\Users\PC_User\Documents\datasetneoneo\0\2030.png,0,14.836882,-5.4469643,-13.576889,-5.3834786,-7.4130363
C:\Users\PC_User\Documents\datasetneoneo\0\2839.png,0,8.78749,-4.2597218,-9.6086235,-3.4303057,-4.687762
C:\Users\PC_User\Documents\datasetneoneo\0\0749.png,0,18.149223,-8.005374,-16.66488,-6.1358256,-9.590236
C:\Users\PC_User\Documents\datasetneoneo\4\0618.png,4,-8.5097685,-6.4675727,-4.3241873,-2.0782163,4.9857173
C:\Users\PC_User\Documents\datasetneoneo\1\1345.png,1,0.76037997,9.067765,-3.630537,-6.769287,-7.8343444
C:\Users\PC_User\Documents\datasetneoneo\1\3125.png,1,-0.29971611,10.193127,-3.241562,-7.9234347,-10.220544
C:\Users\PC_User\Documents\datasetneoneo\0\0696.png,0,18.003384,-0.005078003,-15.617887,-8.761917,-11.00868
C:\Users\PC_User\Documents\datasetneoneo\2\3405.png,2,-14.101843,-0.6884154,10.745989,-3.7439501,-5.2509007
C:\Users\PC_User\Documents\datasetneoneo\0\0467.png,0,15.855957,-4.536967,-14.4692745,-5.7573133,-8.592386
C:\Users\PC_User\Documents\datasetneoneo\0\1601.png,0,10.456343,-5.9302793,-9.0506115,-3.6125839,-5.3469534
C:\Users\PC_User\Documents\datasetneoneo\2\3338.png,2,-9.289661,2.7106466,5.834984,-4.330955,-6.130667
C:\Users\PC_User\Documents\datasetneoneo\0\2130.png,0,15.811854,-7.33683,-14.989389,-5.165742,-7.9707575
C:\Users\PC_User\Documents\datasetneoneo\0\3052.png,0,16.609386,-1.7177578,-14.163611,-7.6774125,-9.138735
C:\Users\PC_User\Documents\datasetneoneo\1\3121.png,1,-0.16087893,10.065158,-3.4599268,-7.4870715,-9.959955
C:\Users\PC_User\Documents\datasetneoneo\0\2692.png,0,18.667244,-9.206449,-17.042934,-6.6168833,-9.724077
C:\Users\PC_User\Documents\datasetneoneo\0\2020.png,0,15.618259,-4.8034973,-13.801611,-5.9492965,-8.142383
C:\Users\PC_User\Documents\datasetneoneo\3\0404.png,3,-7.676813,-1.7218927,-1.0342106,2.7175152,-0.8499259
C:\Users\PC_User\Documents\datasetneoneo\2\3350.png,2,-13.725875,0.9191105,11.038745,-4.0215073,-7.122489
C:\Users\PC_User\Documents\datasetneoneo\0\2832.png,0,14.685585,-6.763909,-12.909526,-5.226192,-8.267878
C:\Users\PC_User\Documents\datasetneoneo\0\1994.png,0,16.363106,-4.874407,-14.610556,-6.579775,-8.640498
C:\Users\PC_User\Documents\datasetneoneo\0\2383.png,0,17.793594,-9.072342,-15.991459,-6.06594,-9.083042
C:\Users\PC_User\Documents\datasetneoneo\0\2734.png,0,17.384487,-7.0020666,-15.906654,-6.313824,-8.830877
C:\Users\PC_User\Documents\datasetneoneo\1\0414.png,1,2.1887846,4.2677264,-4.9318204,-2.9163532,-3.6056335
C:\Users\PC_User\Documents\datasetneoneo\0\1837.png,0,15.8428,-6.1187887,-14.329816,-6.0264597,-8.2156725
C:\Users\PC_User\Documents\datasetneoneo\0\1711.png,0,15.658681,-5.474333,-14.005316,-5.914051,-8.127254
C:\Users\PC_User\Documents\datasetneoneo\0\2415.png,0,13.697918,-5.1780233,-12.041219,-5.231879,-6.7395554
C:\Users\PC_User\Documents\datasetneoneo\0\0318.png,0,19.374212,-3.6334624,-17.479212,-7.3513827,-10.601319
C:\Users\PC_User\Documents\datasetneoneo\0\2042.png,0,14.117226,-5.2719464,-13.368035,-5.0590067,-6.9613433
C:\Users\PC_User\Documents\datasetneoneo\1\1343.png,1,0.9487469,9.139576,-3.8403318,-6.699667,-7.784188
C:\Users\PC_User\Documents\datasetneoneo\0\2809.png,0,17.440907,-7.178124,-15.908718,-6.246815,-9.166241
C:\Users\PC_User\Documents\datasetneoneo\0\2540.png,0,15.848298,-7.482469,-14.679966,-5.5594363,-7.9914103
C:\Users\PC_User\Documents\datasetneoneo\0\2603.png,0,18.233814,-8.391821,-16.916811,-6.277353,-9.280463
C:\Users\PC_User\Documents\datasetneoneo\0\0697.png,0,21.16728,-4.6906786,-18.876759,-8.40749,-11.876655
C:\Users\PC_User\Documents\datasetneoneo\0\2977.png,0,22.212337,-6.677536,-18.82616,-8.543588,-12.592288
C:\Users\PC_User\Documents\datasetneoneo\1\1401.png,1,-0.28438723,9.85329,-3.602389,-6.8626056,-8.863766
C:\Users\PC_User\Documents\datasetneoneo\0\2013.png,0,16.74146,-6.4608254,-15.13483,-6.0653467,-8.671218
C:\Users\PC_User\Documents\datasetneoneo\0\1841.png,0,15.893904,-5.6209226,-14.376499,-6.1399946,-8.521366
C:\Users\PC_User\Documents\datasetneoneo\0\1199.png,0,8.949486,0.12887427,-9.233481,-4.1502886,-5.115685
C:\Users\PC_User\Documents\datasetneoneo\0\2089.png,0,15.543212,-6.8546863,-14.6371,-5.2394423,-7.8428535
C:\Users\PC_User\Documents\datasetneoneo\0\3255.png,0,17.27092,-5.323574,-15.148377,-6.8750434,-9.71365
C:\Users\PC_User\Documents\datasetneoneo\0\0766.png,0,20.9198,-11.294266,-18.861954,-6.0416036,-10.719931
C:\Users\PC_User\Documents\datasetneoneo\0\0843.png,0,17.412703,-9.675438,-14.035722,-6.303823,-9.70184
C:\Users\PC_User\Documents\datasetneoneo\0\2096.png,0,15.288772,-6.815317,-14.321727,-5.105734,-7.7502666
C:\Users\PC_User\Documents\datasetneoneo\0\0873.png,0,12.088416,-3.1253455,-10.446559,-5.227894,-6.9235377
C:\Users\PC_User\Documents\datasetneoneo\0\2891.png,0,11.01713,-7.0162673,-9.571025,-3.4735544,-5.79812
C:\Users\PC_User\Documents\datasetneoneo\1\2184.png,1,0.21732,6.661633,-3.9272459,-4.690555,-5.225186
C:\Users\PC_User\Documents\datasetneoneo\3\0019.png,3,-8.206147,-4.1659813,-1.8123806,6.3393793,-2.4688747
C:\Users\PC_User\Documents\datasetneoneo\0\2569.png,0,18.430988,-8.807575,-16.868883,-6.196196,-9.474315
C:\Users\PC_User\Documents\datasetneoneo\0\3194.png,0,18.03551,-6.4288297,-15.348907,-6.4357743,-10.217227
C:\Users\PC_User\Documents\datasetneoneo\0\1142.png,0,18.895996,-7.614827,-17.125679,-6.944644,-9.893663
C:\Users\PC_User\Documents\datasetneoneo\0\2148.png,0,15.37761,-6.5118003,-14.532704,-5.226047,-7.783161
C:\Users\PC_User\Documents\datasetneoneo\0\1669.png,0,16.825037,-7.842911,-15.508147,-5.8721623,-8.585712
C:\Users\PC_User\Documents\datasetneoneo\1\3129.png,1,-1.4817939,10.982475,-2.7961106,-8.425748,-11.341791
C:\Users\PC_User\Documents\datasetneoneo\4\0565.png,4,-6.217755,-9.39499,-8.246223,-3.919048,5.599077
C:\Users\PC_User\Documents\datasetneoneo\0\2508.png,0,10.737709,-6.994398,-9.273968,-3.3181648,-5.520234
C:\Users\PC_User\Documents\datasetneoneo\1\3172.png,1,-1.3567356,7.570653,-2.6411815,-4.8147254,-7.152672
C:\Users\PC_User\Documents\datasetneoneo\0\1708.png,0,18.449163,-9.24189,-16.346037,-6.1139255,-9.41754
C:\Users\PC_User\Documents\datasetneoneo\0\0809.png,0,16.34212,-10.264221,-14.678408,-5.226291,-8.841104
C:\Users\PC_User\Documents\datasetneoneo\0\2543.png,0,16.36266,-8.058089,-15.259581,-5.6449695,-8.145937
C:\Users\PC_User\Documents\datasetneoneo\0\1874.png,0,14.044074,-3.5955212,-13.336444,-6.1682596,-7.531357
C:\Users\PC_User\Documents\datasetneoneo\1\1565.png,1,6.080087,5.755667,-7.56982,-5.7745986,-4.740084
C:\Users\PC_User\Documents\datasetneoneo\0\1775.png,0,17.614878,-7.8876076,-15.728942,-6.1275463,-9.117244
C:\Users\PC_User\Documents\datasetneoneo\0\2546.png,0,16.687834,-8.216155,-15.387611,-5.9287186,-8.589405
C:\Users\PC_User\Documents\datasetneoneo\3\0008.png,3,-9.312521,-3.1781735,-0.17627922,4.411788,-0.71309626
C:\Users\PC_User\Documents\datasetneoneo\0\2083.png,0,13.25109,-3.6861792,-12.436486,-4.8543415,-6.2937155
C:\Users\PC_User\Documents\datasetneoneo\0\2166.png,0,17.20471,-8.329032,-16.477598,-5.510272,-8.579874
C:\Users\PC_User\Documents\datasetneoneo\0\2258.png,0,11.595481,-7.274939,-10.0662775,-3.6010587,-6.0728474
C:\Users\PC_User\Documents\datasetneoneo\1\3139.png,1,-1.3678772,11.125245,-2.7624686,-8.459373,-11.398011
C:\Users\PC_User\Documents\datasetneoneo\0\1201.png,0,7.296916,2.929387,-8.7053995,-4.353869,-4.6810536
C:\Users\PC_User\Documents\datasetneoneo\2\0540.png,2,-3.0095453,-4.5751705,-4.9632783,-2.1062405,2.1092286
C:\Users\PC_User\Documents\datasetneoneo\0\1325.png,0,11.07296,-2.9807653,-10.256444,-5.1988807,-5.9870124
C:\Users\PC_User\Documents\datasetneoneo\0\1314.png,0,15.303627,-5.187838,-13.533698,-6.56041,-7.9914646
C:\Users\PC_User\Documents\datasetneoneo\1\0393.png,1,-2.8565369,6.655236,-1.4885197,-4.844168,-4.976913
C:\Users\PC_User\Documents\datasetneoneo\1\1557.png,1,0.78402245,8.087123,-4.351654,-5.430216,-6.040439
C:\Users\PC_User\Documents\datasetneoneo\2\1211.png,2,-10.31621,-2.0056586,9.701605,-4.364366,-4.1032147
C:\Users\PC_User\Documents\datasetneoneo\0\2326.png,0,17.457516,-8.873214,-15.606948,-5.989265,-8.971711
C:\Users\PC_User\Documents\datasetneoneo\0\2700.png,0,17.608883,-9.462747,-16.404116,-5.8235836,-8.930359
C:\Users\PC_User\Documents\datasetneoneo\4\0192.png,4,-6.972785,-6.182611,-5.463091,0.5029956,2.1836512
C:\Users\PC_User\Documents\datasetneoneo\1\3276.png,1,3.2646608,5.8953834,-5.4357076,-5.0143394,-6.8590903
C:\Users\PC_User\Documents\datasetneoneo\0\2034.png,0,13.445806,-3.8887248,-12.181871,-5.0601997,-6.975481
C:\Users\PC_User\Documents\datasetneoneo\0\2553.png,0,19.966446,-10.449877,-18.585459,-6.51451,-10.180174
C:\Users\PC_User\Documents\datasetneoneo\0\0726.png,0,14.463668,-1.710102,-12.68464,-6.3494544,-7.3739743
C:\Users\PC_User\Documents\datasetneoneo\1\3134.png,1,-1.43167,10.301125,-2.8271759,-7.714272,-10.519392
C:\Users\PC_User\Documents\datasetneoneo\0\1791.png,0,14.5433855,-5.0080905,-12.725089,-5.441504,-7.454744
C:\Users\PC_User\Documents\datasetneoneo\0\1857.png,0,15.692186,-5.121605,-13.868654,-6.0484824,-8.324227
C:\Users\PC_User\Documents\datasetneoneo\0\2229.png,0,16.28698,-4.2362328,-15.05633,-6.1711493,-8.164082
C:\Users\PC_User\Documents\datasetneoneo\0\2074.png,0,14.898273,-6.2217517,-14.284092,-5.005846,-7.149202
C:\Users\PC_User\Documents\datasetneoneo\1\2446.png,1,1.248243,8.176817,-4.7237306,-5.783945,-6.829973
C:\Users\PC_User\Documents\datasetneoneo\0\3069.png,0,18.367456,-2.178405,-15.472927,-8.557318,-10.352394
C:\Users\PC_User\Documents\datasetneoneo\0\0773.png,0,20.726278,-11.003964,-18.668802,-6.0286217,-10.588682
C:\Users\PC_User\Documents\datasetneoneo\3\0050.png,3,-6.9256616,-5.613462,-3.4403727,7.273036,-3.5154233
C:\Users\PC_User\Documents\datasetneoneo\1\1414.png,1,-0.06594077,9.541523,-3.6482847,-6.595823,-8.446946
C:\Users\PC_User\Documents\datasetneoneo\2\3404.png,2,-14.625713,-0.12733933,12.287844,-5.183483,-6.5118933
C:\Users\PC_User\Documents\datasetneoneo\0\2906.png,0,12.620744,-8.557735,-10.639951,-3.773527,-7.248695
C:\Users\PC_User\Documents\datasetneoneo\0\2601.png,0,18.477652,-8.903989,-17.086927,-6.2201996,-9.506792
C:\Users\PC_User\Documents\datasetneoneo\0\2018.png,0,15.720437,-4.6564527,-13.924226,-6.05146,-8.157655
C:\Users\PC_User\Documents\datasetneoneo\0\2842.png,0,14.634219,-7.955577,-13.548922,-4.5556602,-7.863106
C:\Users\PC_User\Documents\datasetneoneo\0\3497.png,0,13.215667,-3.7502613,-10.487533,-6.048681,-7.5577545
C:\Users\PC_User\Documents\datasetneoneo\0\0723.png,0,9.423501,1.5703298,-8.576324,-6.3584466,-5.1726885
C:\Users\PC_User\Documents\datasetneoneo\0\0428.png,0,12.509539,1.1856048,-10.225249,-7.0456867,-7.6789403
C:\Users\PC_User\Documents\datasetneoneo\0\3508.png,0,14.470042,-2.761218,-14.442559,-6.432821,-6.3679647
C:\Users\PC_User\Documents\datasetneoneo\0\0690.png,0,19.223095,-2.9435506,-16.876446,-7.829712,-10.917954
C:\Users\PC_User\Documents\datasetneoneo\0\0104.png,0,16.732183,-5.062246,-15.453072,-6.2325044,-9.871002
C:\Users\PC_User\Documents\datasetneoneo\0\2765.png,0,18.207628,-8.207284,-16.531065,-6.3338866,-9.151538
C:\Users\PC_User\Documents\datasetneoneo\3\0059.png,3,-9.495775,-4.465813,-1.5543189,7.152495,-2.406277
C:\Users\PC_User\Documents\datasetneoneo\0\2270.png,0,10.748841,-6.7129374,-9.313851,-3.6292982,-5.5301614
C:\Users\PC_User\Documents\datasetneoneo\1\3173.png,1,0.802776,5.4158726,-3.2889972,-4.0230494,-5.8734484
C:\Users\PC_User\Documents\datasetneoneo\0\2213.png,0,12.306826,-1.1985997,-11.736311,-5.6634974,-6.1780252
C:\Users\PC_User\Documents\datasetneoneo\0\1777.png,0,15.604117,-5.313346,-13.738145,-5.779066,-7.7688866
C:\Users\PC_User\Documents\datasetneoneo\0\2061.png,0,12.8539715,-2.6857014,-12.056338,-5.2489085,-6.508781
C:\Users\PC_User\Documents\datasetneoneo\1\0338.png,1,10.7922325,0.9741894,-12.090391,-6.2399364,-5.887832
C:\Users\PC_User\Documents\datasetneoneo\1\3317.png,1,-2.6120045,5.923944,-2.776969,-3.7105327,-5.537553
C:\Users\PC_User\Documents\datasetneoneo\0\0864.png,0,17.80755,-6.357421,-14.949866,-6.6076612,-9.47622
C:\Users\PC_User\Documents\datasetneoneo\0\2838.png,0,14.646958,-5.4495735,-13.424057,-5.7330484,-7.8325953
C:\Users\PC_User\Documents\datasetneoneo\0\1793.png,0,14.169786,-4.7314577,-12.355228,-5.572555,-7.479138
C:\Users\PC_User\Documents\datasetneoneo\0\3488.png,0,18.38664,-4.6699085,-15.355162,-7.042337,-10.294192
C:\Users\PC_User\Documents\datasetneoneo\4\0089.png,4,-5.6630297,-5.6323776,-6.35069,-2.670777,3.690906
C:\Users\PC_User\Documents\datasetneoneo\2\3413.png,2,-11.949342,-0.24047521,8.430685,-3.60256,-3.505891
C:\Users\PC_User\Documents\datasetneoneo\2\1204.png,2,-10.100825,-2.1817589,8.434558,-3.2068427,-3.680825
C:\Users\PC_User\Documents\datasetneoneo\0\2780.png,0,18.215548,-7.833392,-16.445967,-6.4601994,-9.231065
C:\Users\PC_User\Documents\datasetneoneo\1\1451.png,1,-2.738615,4.499695,-0.15233706,-4.1737595,-4.6091666
C:\Users\PC_User\Documents\datasetneoneo\0\2943.png,0,21.612738,-6.454285,-18.114283,-8.552357,-12.332664
C:\Users\PC_User\Documents\datasetneoneo\0\3466.png,0,13.487037,1.5506936,-10.903409,-6.8340125,-7.987
C:\Users\PC_User\Documents\datasetneoneo\0\2464.png,0,15.476681,-2.992132,-14.406467,-5.9457726,-7.811467
C:\Users\PC_User\Documents\datasetneoneo\1\1551.png,1,0.19404118,9.690092,-3.685397,-6.6656694,-8.858909
C:\Users\PC_User\Documents\datasetneoneo\1\1388.png,1,-0.019285731,9.422531,-4.0045643,-6.190193,-7.9025245
C:\Users\PC_User\Documents\datasetneoneo\0\2511.png,0,11.089099,-6.7294936,-9.522802,-3.5719435,-6.0940776
C:\Users\PC_User\Documents\datasetneoneo\0\2796.png,0,17.391209,-7.1838746,-15.657818,-6.2546215,-9.030452
C:\Users\PC_User\Documents\datasetneoneo\0\0797.png,0,14.425538,-6.2014666,-12.163711,-5.137313,-7.834067
C:\Users\PC_User\Documents\datasetneoneo\0\2789.png,0,17.058554,-7.1324387,-15.486417,-6.1276083,-8.82046
C:\Users\PC_User\Documents\datasetneoneo\2\1457.png,2,-8.779668,2.6427684,5.5304437,-3.9381654,-6.0038705
C:\Users\PC_User\Documents\datasetneoneo\2\3443.png,2,-8.7321825,-0.5830472,7.4884586,-3.1144373,-4.122772
C:\Users\PC_User\Documents\datasetneoneo\1\0141.png,1,-0.27352452,9.60199,-3.5666723,-6.2958198,-8.765442
C:\Users\PC_User\Documents\datasetneoneo\0\2082.png,0,13.749191,-4.3361764,-12.859674,-5.029247,-6.576551
C:\Users\PC_User\Documents\datasetneoneo\1\0640.png,1,0.50081784,5.4190483,-2.3933895,-4.383764,-5.529334
C:\Users\PC_User\Documents\datasetneoneo\0\1970.png,0,16.44596,-7.310198,-14.774583,-5.9895577,-8.650554
C:\Users\PC_User\Documents\datasetneoneo\0\2637.png,0,16.480772,-5.3719864,-15.183158,-6.3665843,-8.4947605
C:\Users\PC_User\Documents\datasetneoneo\0\2221.png,0,12.6451235,0.28420278,-11.778748,-5.936909,-6.672384
C:\Users\PC_User\Documents\datasetneoneo\0\2903.png,0,12.439861,-8.12366,-10.618986,-3.966026,-7.144475
C:\Users\PC_User\Documents\datasetneoneo\0\0248.png,0,20.079224,-10.846387,-15.707876,-6.5143666,-11.493973
C:\Users\PC_User\Documents\datasetneoneo\3\0066.png,3,-5.1288104,-6.7012525,-4.660881,6.8632197,-3.2791922
C:\Users\PC_User\Documents\datasetneoneo\1\3294.png,1,-2.448479,9.614448,-2.239173,-6.569618,-9.714086
C:\Users\PC_User\Documents\datasetneoneo\0\1178.png,0,13.30962,-4.078665,-12.591004,-4.591779,-6.5339885
C:\Users\PC_User\Documents\datasetneoneo\2\1475.png,2,-12.264139,-0.47505176,11.331276,-5.6751356,-5.972708
C:\Users\PC_User\Documents\datasetneoneo\0\2169.png,0,13.691402,-5.3410196,-12.44087,-5.226862,-7.258302
C:\Users\PC_User\Documents\datasetneoneo\0\0770.png,0,20.613783,-10.931946,-18.628134,-5.9551835,-10.615699
C:\Users\PC_User\Documents\datasetneoneo\0\0833.png,0,19.016026,-7.7377687,-16.76429,-6.533587,-10.998323
C:\Users\PC_User\Documents\datasetneoneo\4\0559.png,4,-7.967199,-8.341909,-6.7326946,-3.9379838,6.151553
C:\Users\PC_User\Documents\datasetneoneo\1\1448.png,1,-2.9571059,4.9942427,0.031168103,-4.4146743,-4.8415785
C:\Users\PC_User\Documents\datasetneoneo\0\3467.png,0,14.971869,-1.5742877,-12.951189,-6.1596794,-8.72029
C:\Users\PC_User\Documents\datasetneoneo\0\2894.png,0,10.65498,-6.946421,-8.769275,-3.286539,-5.9003177
C:\Users\PC_User\Documents\datasetneoneo\0\3250.png,0,17.790773,-9.93776,-16.287767,-5.520324,-9.577437
C:\Users\PC_User\Documents\datasetneoneo\0\0698.png,0,19.676664,-1.3624933,-17.111534,-8.85065,-11.452775
C:\Users\PC_User\Documents\datasetneoneo\0\3481.png,0,18.561462,-5.3459277,-15.105777,-6.565777,-10.821046
C:\Users\PC_User\Documents\datasetneoneo\0\0945.png,0,8.13926,-2.8023794,-7.905978,-3.8761928,-6.6037602
C:\Users\PC_User\Documents\datasetneoneo\0\0871.png,0,15.523112,-4.453769,-12.940688,-6.457699,-8.844211
C:\Users\PC_User\Documents\datasetneoneo\0\2029.png,0,12.282796,-2.843163,-11.344634,-4.8750806,-6.036236
C:\Users\PC_User\Documents\datasetneoneo\0\1736.png,0,15.34839,-5.7115445,-13.87135,-5.9132094,-8.002423
C:\Users\PC_User\Documents\datasetneoneo\0\0327.png,0,20.804506,-3.2652206,-18.007496,-8.387894,-11.593282
C:\Users\PC_User\Documents\datasetneoneo\0\3495.png,0,21.991888,-8.7955675,-18.177664,-7.788451,-11.586765
C:\Users\PC_User\Documents\datasetneoneo\0\2655.png,0,13.957544,-5.631116,-12.643288,-5.779202,-7.9439354
C:\Users\PC_User\Documents\datasetneoneo\3\0055.png,3,-8.428024,-6.169554,-3.5309942,8.062107,-3.5052059
C:\Users\PC_User\Documents\datasetneoneo\2\0210.png,2,-7.467022,0.1733814,5.81333,-2.9829497,-3.201253
C:\Users\PC_User\Documents\datasetneoneo\0\3237.png,0,20.733692,-11.478526,-19.940186,-6.5818048,-10.748691
C:\Users\PC_User\Documents\datasetneoneo\0\0880.png,0,16.392902,-5.911234,-13.096726,-6.3245935,-9.9082365
C:\Users\PC_User\Documents\datasetneoneo\4\0619.png,4,-8.604247,-6.7401867,-5.5110006,-2.8924625,5.633681
C:\Users\PC_User\Documents\datasetneoneo\0\2880.png,0,19.955364,-9.31074,-18.058428,-6.672466,-10.46559
C:\Users\PC_User\Documents\datasetneoneo\1\3143.png,1,-1.6612859,10.60047,-2.4241722,-8.395938,-10.9503565
C:\Users\PC_User\Documents\datasetneoneo\0\3251.png,0,12.021842,-4.31115,-11.548431,-5.3429227,-6.071015
C:\Users\PC_User\Documents\datasetneoneo\1\1354.png,1,0.7377383,8.281013,-3.5151637,-5.635012,-7.263295
C:\Users\PC_User\Documents\datasetneoneo\0\1185.png,0,6.1731544,-4.9469185,-6.3866878,-3.207545,-3.7584991
C:\Users\PC_User\Documents\datasetneoneo\2\3431.png,2,-11.041078,-0.0784878,8.755085,-3.0633001,-5.3567576
C:\Users\PC_User\Documents\datasetneoneo\0\2327.png,0,17.58039,-8.931858,-15.720272,-6.0279207,-9.007312
C:\Users\PC_User\Documents\datasetneoneo\1\1216.png,1,2.0358064,7.297347,-4.4944444,-4.968099,-5.6727967
C:\Users\PC_User\Documents\datasetneoneo\0\1789.png,0,15.077125,-5.963198,-13.503196,-5.458516,-7.5861063
C:\Users\PC_User\Documents\datasetneoneo\0\0981.png,0,11.650358,-2.175835,-10.309601,-5.491325,-5.755791
C:\Users\PC_User\Documents\datasetneoneo\3\0027.png,3,-7.240965,-5.236017,-2.877625,7.0251703,-2.809231
C:\Users\PC_User\Documents\datasetneoneo\0\0824.png,0,13.91695,-0.47980285,-11.350948,-6.7634115,-9.241675
C:\Users\PC_User\Documents\datasetneoneo\1\3307.png,1,-0.93215936,8.628476,-2.910574,-6.166157,-8.629611
C:\Users\PC_User\Documents\datasetneoneo\0\0756.png,0,21.406237,-10.772567,-19.581997,-6.312192,-11.064395
C:\Users\PC_User\Documents\datasetneoneo\0\0308.png,0,12.840867,-5.3647633,-12.15325,-5.1057606,-6.92077
C:\Users\PC_User\Documents\datasetneoneo\0\1881.png,0,12.558263,0.9484845,-11.285072,-6.8034334,-6.9906406
C:\Users\PC_User\Documents\datasetneoneo\0\2135.png,0,15.147692,-6.4874163,-14.394416,-5.07522,-7.584291
C:\Users\PC_User\Documents\datasetneoneo\2\1538.png,2,-8.838297,-0.7838637,6.803004,-4.3400154,-3.4093385
C:\Users\PC_User\Documents\datasetneoneo\2\3386.png,2,-14.808108,-0.15070313,11.527651,-5.243298,-6.728948
C:\Users\PC_User\Documents\datasetneoneo\0\0964.png,0,17.246395,-3.7117324,-15.562635,-6.8950434,-9.739432
C:\Users\PC_User\Documents\datasetneoneo\3\0168.png,3,-9.16074,-1.2572712,2.5290053,2.9001327,-2.8080497
C:\Users\PC_User\Documents\datasetneoneo\0\3196.png,0,18.350292,-6.7436004,-15.645361,-6.2315435,-10.2690735
C:\Users\PC_User\Documents\datasetneoneo\0\0270.png,0,14.805073,-4.6402106,-12.282614,-5.957609,-7.7888646
C:\Users\PC_User\Documents\datasetneoneo\0\1642.png,0,13.364088,-9.365013,-11.052788,-4.231579,-7.6302047
C:\Users\PC_User\Documents\datasetneoneo\0\2873.png,0,13.977608,-3.0692163,-12.540268,-5.6416073,-7.748102
C:\Users\PC_User\Documents\datasetneoneo\0\0949.png,0,19.38132,-3.2671633,-16.62657,-7.8044453,-11.934636
C:\Users\PC_User\Documents\datasetneoneo\2\1472.png,2,-10.927776,-0.54560965,9.255773,-3.9909155,-5.495748
C:\Users\PC_User\Documents\datasetneoneo\0\0481.png,0,19.55386,-7.386044,-17.67918,-6.545775,-11.332366
C:\Users\PC_User\Documents\datasetneoneo\2\1208.png,2,-10.711334,-2.068947,9.625549,-3.9038157,-4.253695
C:\Users\PC_User\Documents\datasetneoneo\1\2193.png,1,0.10756408,9.466328,-4.4370384,-6.2096252,-7.7839527
C:\Users\PC_User\Documents\datasetneoneo\0\2958.png,0,22.680325,-6.789357,-19.432344,-8.691424,-12.646096
C:\Users\PC_User\Documents\datasetneoneo\0\2646.png,0,12.94151,-5.791038,-11.332125,-4.984449,-7.000768
C:\Users\PC_User\Documents\datasetneoneo\0\2705.png,0,18.295265,-8.544955,-16.43858,-6.550126,-9.375734
C:\Users\PC_User\Documents\datasetneoneo\0\2486.png,0,10.469593,-5.898448,-10.345642,-3.951868,-4.5142837
C:\Users\PC_User\Documents\datasetneoneo\0\1301.png,0,16.687391,-7.7413874,-15.180343,-5.7983813,-8.6635
C:\Users\PC_User\Documents\datasetneoneo\0\1310.png,0,16.55006,-6.5478215,-14.737974,-6.4058604,-8.5678
C:\Users\PC_User\Documents\datasetneoneo\0\0268.png,0,15.37815,-3.5288885,-12.797478,-6.8975363,-8.115328
C:\Users\PC_User\Documents\datasetneoneo\0\2639.png,0,10.892928,1.3244106,-10.453065,-5.9786043,-6.3617935
C:\Users\PC_User\Documents\datasetneoneo\0\3057.png,0,19.632952,-3.8630772,-16.494343,-8.397262,-11.142663
C:\Users\PC_User\Documents\datasetneoneo\4\0638.png,4,-4.74008,-4.273769,-3.8963046,-1.2995826,3.2057264
C:\Users\PC_User\Documents\datasetneoneo\0\1156.png,0,16.05558,-5.8886986,-14.535481,-5.36583,-8.094843
C:\Users\PC_User\Documents\datasetneoneo\0\2024.png,0,16.352266,-5.78266,-14.524558,-5.9321957,-8.467465
C:\Users\PC_User\Documents\datasetneoneo\0\3027.png,0,18.50017,-3.071935,-16.089981,-7.989564,-10.364862
C:\Users\PC_User\Documents\datasetneoneo\4\0555.png,4,-6.6458135,-7.463336,-6.885413,-3.1363466,4.5081315
C:\Users\PC_User\Documents\datasetneoneo\0\1807.png,0,15.997376,-6.189284,-14.488374,-5.9848323,-8.303125
C:\Users\PC_User\Documents\datasetneoneo\0\1875.png,0,14.723098,-4.599158,-13.616218,-5.772383,-7.682076
C:\Users\PC_User\Documents\datasetneoneo\0\2661.png,0,13.534055,-6.3215456,-11.729361,-4.9885697,-7.6124763
C:\Users\PC_User\Documents\datasetneoneo\0\0893.png,0,20.56505,-5.0491967,-18.045473,-7.390672,-12.285644
C:\Users\PC_User\Documents\datasetneoneo\0\1999.png,0,17.377878,-6.862283,-15.871306,-6.249523,-8.985862
C:\Users\PC_User\Documents\datasetneoneo\1\0374.png,1,-2.4694822,10.331245,-2.200949,-7.975292,-10.333064
C:\Users\PC_User\Documents\datasetneoneo\0\2724.png,0,18.062208,-7.761063,-16.339176,-6.496027,-9.15986
C:\Users\PC_User\Documents\datasetneoneo\0\2817.png,0,18.20445,-8.116686,-16.654627,-6.3539696,-9.428732
C:\Users\PC_User\Documents\datasetneoneo\0\0810.png,0,12.794242,-8.270108,-11.180801,-4.277437,-7.433482
C:\Users\PC_User\Documents\datasetneoneo\2\3341.png,2,-10.621363,1.9309455,7.8080277,-3.6928055,-6.2639246
C:\Users\PC_User\Documents\datasetneoneo\1\1559.png,1,1.646701,7.8888283,-4.592584,-5.6406894,-6.1192737
C:\Users\PC_User\Documents\datasetneoneo\0\2491.png,0,11.216801,-6.3007984,-9.635733,-4.2443695,-5.868314
C:\Users\PC_User\Documents\datasetneoneo\0\0895.png,0,20.281136,-4.796133,-17.888689,-7.3307023,-12.138935
C:\Users\PC_User\Documents\datasetneoneo\0\1805.png,0,17.519093,-8.145461,-15.828619,-6.0409136,-8.848191
C:\Users\PC_User\Documents\datasetneoneo\0\1295.png,0,16.284302,-7.6161337,-14.794245,-5.766508,-8.480538
C:\Users\PC_User\Documents\datasetneoneo\2\1479.png,2,-11.820163,-0.6763735,10.901117,-5.4660134,-5.762744
C:\Users\PC_User\Documents\datasetneoneo\0\2268.png,0,10.545259,-6.7431493,-8.909731,-3.6107676,-5.4771786
C:\Users\PC_User\Documents\datasetneoneo\3\0020.png,3,-7.963513,-4.008682,-1.996701,6.3685846,-2.2482696
C:\Users\PC_User\Documents\datasetneoneo\0\0855.png,0,21.617249,-4.3827004,-18.262486,-8.349659,-12.426202
C:\Users\PC_User\Documents\datasetneoneo\0\2871.png,0,17.601225,-7.0506372,-16.039171,-6.2719316,-9.269884
C:\Users\PC_User\Documents\datasetneoneo\0\2544.png,0,16.382042,-8.128743,-15.095447,-5.6986213,-8.233449
C:\Users\PC_User\Documents\datasetneoneo\0\1632.png,0,13.271936,-9.522807,-11.441679,-3.9553876,-7.439115
C:\Users\PC_User\Documents\datasetneoneo\0\2414.png,0,15.013537,-6.165667,-13.430498,-5.50159,-7.407762
C:\Users\PC_User\Documents\datasetneoneo\0\1892.png,0,14.441654,-4.0482397,-13.158725,-6.047585,-7.4003425
C:\Users\PC_User\Documents\datasetneoneo\0\2792.png,0,16.758827,-6.971263,-15.197992,-5.9228916,-8.812574
C:\Users\PC_User\Documents\datasetneoneo\2\3430.png,2,-12.038824,-0.052017704,10.209839,-4.5432043,-5.4562964
C:\Users\PC_User\Documents\datasetneoneo\0\3266.png,0,13.620387,-0.71898043,-12.218865,-7.409857,-8.414843
C:\Users\PC_User\Documents\datasetneoneo\0\2152.png,0,15.221398,-6.2916236,-14.410827,-5.2104654,-7.7383714
C:\Users\PC_User\Documents\datasetneoneo\0\0973.png,0,16.81359,-0.8331138,-16.08141,-7.422959,-9.54812
C:\Users\PC_User\Documents\datasetneoneo\0\0262.png,0,16.53983,-9.738199,-15.35251,-5.8459854,-8.545854
C:\Users\PC_User\Documents\datasetneoneo\0\2821.png,0,18.610151,-8.463263,-16.636118,-6.5832653,-9.773345
C:\Users\PC_User\Documents\datasetneoneo\0\1879.png,0,14.238825,-4.423895,-13.10581,-5.6004977,-7.642836
C:\Users\PC_User\Documents\datasetneoneo\0\3249.png,0,21.688627,-14.455555,-19.886028,-6.549278,-11.76289
C:\Users\PC_User\Documents\datasetneoneo\0\0480.png,0,16.238293,-4.5558343,-14.934693,-6.2788615,-9.626159
C:\Users\PC_User\Documents\datasetneoneo\1\3111.png,1,-4.0255637,9.553715,-1.8964779,-6.775192,-10.257618
C:\Users\PC_User\Documents\datasetneoneo\0\2770.png,0,18.220684,-8.108228,-16.436882,-6.427098,-9.286864
C:\Users\PC_User\Documents\datasetneoneo\0\1823.png,0,16.566889,-6.0951524,-14.942138,-5.9251246,-8.463036
C:\Users\PC_User\Documents\datasetneoneo\1\0661.png,1,3.4057727,7.7884574,-7.731669,-4.0590167,-5.2934966
C:\Users\PC_User\Documents\datasetneoneo\0\3241.png,0,23.207579,-13.196296,-21.157343,-7.1713285,-12.612793
C:\Users\PC_User\Documents\datasetneoneo\0\0967.png,0,18.46146,-3.5757227,-15.895708,-7.2623005,-10.9172535
C:\Users\PC_User\Documents\datasetneoneo\0\2305.png,0,14.929798,-7.909958,-13.749057,-5.204327,-7.6037393
C:\Users\PC_User\Documents\datasetneoneo\0\0920.png,0,11.5079365,-1.5451537,-9.902437,-5.5389376,-6.5264645
C:\Users\PC_User\Documents\datasetneoneo\1\3128.png,1,-1.4214128,10.402999,-2.8785574,-7.880435,-10.509896
C:\Users\PC_User\Documents\datasetneoneo\2\0165.png,2,-12.459078,0.41641515,7.3668,-1.415682,-4.7283964
C:\Users\PC_User\Documents\datasetneoneo\1\0373.png,1,-2.7244923,10.491111,-1.4313898,-8.5243025,-11.0509405
C:\Users\PC_User\Documents\datasetneoneo\1\3119.png,1,-0.8969847,9.837404,-3.1309707,-7.095782,-9.706887
C:\Users\PC_User\Documents\datasetneoneo\0\2046.png,0,14.574417,-5.4346976,-13.769449,-5.2251987,-7.210776
C:\Users\PC_User\Documents\datasetneoneo\0\2324.png,0,17.670588,-9.151596,-15.820431,-5.990932,-9.074431
C:\Users\PC_User\Documents\datasetneoneo\2\3337.png,2,-8.235462,4.17074,4.4890933,-5.102309,-6.8950386
C:\Users\PC_User\Documents\datasetneoneo\0\0966.png,0,18.068485,-4.643997,-16.209816,-6.442134,-10.288298
C:\Users\PC_User\Documents\datasetneoneo\4\0599.png,4,-9.4381895,-8.892638,-6.113715,-3.2887928,6.101414
C:\Users\PC_User\Documents\datasetneoneo\1\1398.png,1,-0.29261994,10.018247,-3.6325755,-6.9054127,-8.975077
C:\Users\PC_User\Documents\datasetneoneo\0\2844.png,0,14.468633,-5.9682403,-13.583477,-5.1131787,-7.8123927
C:\Users\PC_User\Documents\datasetneoneo\0\2717.png,0,18.295614,-8.010182,-16.61465,-6.438577,-9.24079
C:\Users\PC_User\Documents\datasetneoneo\2\3380.png,2,-12.652762,-0.23012927,9.185284,-3.6416965,-5.465291
C:\Users\PC_User\Documents\datasetneoneo\0\0274.png,0,20.561304,-9.502931,-18.383917,-7.4385,-10.500885
C:\Users\PC_User\Documents\datasetneoneo\0\2667.png,0,13.245024,-5.893078,-11.447472,-5.1093373,-7.561035
C:\Users\PC_User\Documents\datasetneoneo\1\3145.png,1,-1.0791872,10.678295,-2.7668557,-8.32094,-10.759564
C:\Users\PC_User\Documents\datasetneoneo\1\1363.png,1,-1.3199714,8.044234,-2.0755913,-5.985002,-7.742666
C:\Users\PC_User\Documents\datasetneoneo\0\2676.png,0,12.428965,-5.8260164,-10.868457,-5.0581517,-6.4653406
C:\Users\PC_User\Documents\datasetneoneo\0\2919.png,0,12.000782,-7.8899975,-10.317473,-3.5901544,-6.683888
C:\Users\PC_User\Documents\datasetneoneo\0\0998.png,0,20.8882,-4.200017,-18.054127,-8.911162,-11.23261
C:\Users\PC_User\Documents\datasetneoneo\0\2769.png,0,18.2985,-7.891878,-16.479176,-6.445076,-9.293541
C:\Users\PC_User\Documents\datasetneoneo\0\2492.png,0,10.677865,-6.7766194,-9.381812,-3.8393364,-5.929708
C:\Users\PC_User\Documents\datasetneoneo\0\2807.png,0,17.308329,-7.157418,-15.71216,-6.362273,-9.053645
C:\Users\PC_User\Documents\datasetneoneo\3\0063.png,3,-3.7926235,-6.277103,-5.374779,5.928731,-3.3185513
C:\Users\PC_User\Documents\datasetneoneo\0\0449.png,0,15.382148,-8.637857,-13.187392,-5.557034,-8.960413
C:\Users\PC_User\Documents\datasetneoneo\0\1696.png,0,14.197219,-6.593564,-12.923662,-5.1501346,-6.937626
C:\Users\PC_User\Documents\datasetneoneo\0\2490.png,0,11.027531,-6.6561103,-9.795402,-3.64997,-5.6855497
C:\Users\PC_User\Documents\datasetneoneo\0\2969.png,0,22.573149,-6.7291083,-19.181955,-8.641388,-12.700207
C:\Users\PC_User\Documents\datasetneoneo\0\0667.png,0,15.902592,-1.1193188,-14.927624,-7.1076612,-8.8938675
C:\Users\PC_User\Documents\datasetneoneo\0\1983.png,0,17.814049,-7.028956,-16.08762,-6.3868947,-9.243907
C:\Users\PC_User\Documents\datasetneoneo\0\0304.png,0,12.683597,-5.05355,-12.015182,-5.696669,-7.070741
C:\Users\PC_User\Documents\datasetneoneo\0\2159.png,0,13.359468,-4.770651,-12.601825,-5.0179276,-6.795492
C:\Users\PC_User\Documents\datasetneoneo\0\2418.png,0,12.818754,-3.7248037,-11.350925,-5.2592154,-6.666104
C:\Users\PC_User\Documents\datasetneoneo\0\1637.png,0,14.359205,-10.253225,-12.223301,-4.5897145,-7.967747
C:\Users\PC_User\Documents\datasetneoneo\1\0130.png,1,1.0953012,9.577749,-4.4012976,-5.835218,-8.0700245
C:\Users\PC_User\Documents\datasetneoneo\0\2748.png,0,17.983448,-7.492609,-16.264137,-6.423873,-9.179438
C:\Users\PC_User\Documents\datasetneoneo\0\2715.png,0,18.45615,-8.05146,-16.741758,-6.537218,-9.346784
C:\Users\PC_User\Documents\datasetneoneo\0\2648.png,0,9.976138,-2.706214,-8.760071,-4.7127314,-5.636495
C:\Users\PC_User\Documents\datasetneoneo\0\0315.png,0,13.810699,-7.2777634,-14.230654,-5.3745255,-6.77988
C:\Users\PC_User\Documents\datasetneoneo\0\2888.png,0,10.740646,-6.5884576,-9.308584,-3.471555,-5.5860934
C:\Users\PC_User\Documents\datasetneoneo\0\3494.png,0,18.00713,-4.385552,-15.282538,-6.6236963,-10.097524
C:\Users\PC_User\Documents\datasetneoneo\1\3300.png,1,-0.4792634,9.595184,-5.1996512,-6.582314,-7.61179
C:\Users\PC_User\Documents\datasetneoneo\0\1614.png,0,11.075804,-6.3430033,-9.656887,-3.6720467,-5.61029
C:\Users\PC_User\Documents\datasetneoneo\0\0789.png,0,19.324656,-7.8752317,-16.81946,-6.7545877,-10.614983
C:\Users\PC_User\Documents\datasetneoneo\0\1955.png,0,17.211298,-8.214134,-15.769315,-6.0156956,-8.989421
C:\Users\PC_User\Documents\datasetneoneo\0\2619.png,0,14.289228,-4.777361,-13.139488,-5.8108745,-7.571092
C:\Users\PC_User\Documents\datasetneoneo\0\2048.png,0,14.713261,-5.663263,-13.942393,-5.2379756,-7.1811147
C:\Users\PC_User\Documents\datasetneoneo\1\0655.png,1,-1.3917769,9.225837,-4.24392,-6.4681234,-8.080682
C:\Users\PC_User\Documents\datasetneoneo\0\0280.png,0,16.827742,-4.066949,-16.394888,-5.7315097,-8.88732
C:\Users\PC_User\Documents\datasetneoneo\0\1825.png,0,16.76952,-7.313569,-15.250258,-5.9573574,-8.653504
C:\Users\PC_User\Documents\datasetneoneo\0\3058.png,0,19.34234,-3.7887027,-16.25284,-8.135428,-11.081219
C:\Users\PC_User\Documents\datasetneoneo\0\1840.png,0,16.630327,-6.1924205,-15.024876,-6.2125015,-8.786164
C:\Users\PC_User\Documents\datasetneoneo\0\1181.png,0,15.833188,-5.0742836,-14.553282,-5.5026636,-7.998644
C:\Users\PC_User\Documents\datasetneoneo\0\1567.png,0,12.32309,-0.29502743,-11.155894,-5.851346,-6.991757
C:\Users\PC_User\Documents\datasetneoneo\0\2007.png,0,14.365362,-3.7932487,-12.548115,-5.5595856,-7.6029296
C:\Users\PC_User\Documents\datasetneoneo\2\3427.png,2,-12.76637,0.13405302,10.091848,-4.4568896,-5.3863077
C:\Users\PC_User\Documents\datasetneoneo\0\2297.png,0,14.756205,-7.6360497,-13.459573,-5.4322486,-7.723439
C:\Users\PC_User\Documents\datasetneoneo\2\3397.png,2,-14.010261,-0.5331913,10.864661,-4.5502963,-5.8646336
C:\Users\PC_User\Documents\datasetneoneo\0\3213.png,0,16.0574,-5.5415545,-14.798425,-4.645109,-8.525844
C:\Users\PC_User\Documents\datasetneoneo\0\3474.png,0,17.954037,-3.926415,-14.517714,-6.655428,-10.772077
C:\Users\PC_User\Documents\datasetneoneo\3\0012.png,3,-6.8230615,-4.027096,-2.5216966,5.0857882,-2.09092
C:\Users\PC_User\Documents\datasetneoneo\3\0032.png,3,-7.051542,-6.2821484,-3.959163,8.000838,-3.3926773
C:\Users\PC_User\Documents\datasetneoneo\1\0222.png,1,-1.7309754,2.7279751,0.45233053,-2.8409965,-2.6510048
C:\Users\PC_User\Documents\datasetneoneo\2\1512.png,2,-13.082948,-0.6331952,11.163109,-5.9192677,-5.9222627
C:\Users\PC_User\Documents\datasetneoneo\1\0641.png,1,-0.6289254,6.074707,-2.202834,-4.9679966,-5.992465
C:\Users\PC_User\Documents\datasetneoneo\0\2113.png,0,15.220909,-6.76338,-14.453799,-5.077945,-7.65764
C:\Users\PC_User\Documents\datasetneoneo\0\2210.png,0,5.196643,8.03784,-6.5826564,-5.937385,-5.6215653
C:\Users\PC_User\Documents\datasetneoneo\1\0651.png,1,-0.8231059,5.8989387,-5.07749,-3.4871523,-4.1928906
C:\Users\PC_User\Documents\datasetneoneo\0\2232.png,0,15.5571785,-2.0697803,-14.349794,-6.541655,-7.9931135
C:\Users\PC_User\Documents\datasetneoneo\0\1906.png,0,17.94191,-6.684899,-16.198109,-5.904868,-9.303681
C:\Users\PC_User\Documents\datasetneoneo\2\3446.png,2,-10.790952,0.83527297,9.376735,-4.34487,-5.9913673
C:\Users\PC_User\Documents\datasetneoneo\1\1356.png,1,-0.49306962,7.9134917,-2.397253,-5.8304515,-7.420023
C:\Users\PC_User\Documents\datasetneoneo\2\0522.png,2,-3.018251,-3.166002,1.9307752,-2.2353168,-1.0722014
C:\Users\PC_User\Documents\datasetneoneo\0\1332.png,0,5.1018734,4.719786,-5.5893464,-5.4749613,-5.401605
C:\Users\PC_User\Documents\datasetneoneo\2\1499.png,2,-12.090765,-0.45404452,11.713485,-6.3218417,-6.4692097
C:\Users\PC_User\Documents\datasetneoneo\0\2767.png,0,18.265118,-7.994954,-16.514069,-6.452157,-9.376501
C:\Users\PC_User\Documents\datasetneoneo\0\1939.png,0,13.965295,-9.814696,-11.818362,-4.1808424,-7.641396
C:\Users\PC_User\Documents\datasetneoneo\1\2441.png,1,0.29054278,5.202221,-2.9288428,-4.249563,-4.6994724
C:\Users\PC_User\Documents\datasetneoneo\0\0751.png,0,19.85268,-8.960374,-18.117598,-6.2964163,-10.351669
C:\Users\PC_User\Documents\datasetneoneo\1\1273.png,1,-2.7630289,7.8154993,-1.3633344,-5.7400413,-7.6490116
C:\Users\PC_User\Documents\datasetneoneo\0\2359.png,0,17.834417,-9.17238,-16.003601,-6.049386,-9.03982
C:\Users\PC_User\Documents\datasetneoneo\0\1731.png,0,15.228223,-5.6986423,-13.58203,-5.970438,-7.928781
C:\Users\PC_User\Documents\datasetneoneo\0\1880.png,0,13.652421,1.0131996,-12.202766,-7.6111097,-7.97361
C:\Users\PC_User\Documents\datasetneoneo\0\2377.png,0,18.03332,-9.423543,-16.147625,-6.057136,-9.23812
C:\Users\PC_User\Documents\datasetneoneo\1\3155.png,1,-0.4793574,9.110314,-3.246229,-6.2640576,-8.27537
C:\Users\PC_User\Documents\datasetneoneo\0\1867.png,0,12.582929,-4.9983883,-11.982351,-4.9094505,-6.8685684
C:\Users\PC_User\Documents\datasetneoneo\1\0156.png,1,-7.9658675,3.0650666,2.169118,-0.14173296,-3.9944615
C:\Users\PC_User\Documents\datasetneoneo\1\0359.png,1,1.2719198,10.058161,-3.6751313,-7.9917703,-9.448669
C:\Users\PC_User\Documents\datasetneoneo\1\0349.png,1,-0.6435991,10.375769,-3.952488,-7.086431,-9.27022
C:\Users\PC_User\Documents\datasetneoneo\1\1445.png,1,-3.2673037,6.716912,-0.69890296,-4.9744678,-7.0880785
C:\Users\PC_User\Documents\datasetneoneo\0\1735.png,0,14.487821,-4.973652,-13.108601,-6.057565,-7.839234
C:\Users\PC_User\Documents\datasetneoneo\0\2158.png,0,13.925864,-5.2166853,-13.117214,-5.001186,-7.158647
C:\Users\PC_User\Documents\datasetneoneo\0\1661.png,0,17.62028,-8.67674,-16.19402,-6.2051535,-9.12425
C:\Users\PC_User\Documents\datasetneoneo\0\2922.png,0,11.162975,-7.2833714,-9.511756,-3.4280586,-5.9307475
C:\Users\PC_User\Documents\datasetneoneo\3\0018.png,3,-7.985197,-4.056137,-2.0413594,6.329967,-2.6064866
C:\Users\PC_User\Documents\datasetneoneo\0\1177.png,0,12.819383,-3.4363127,-11.667696,-5.028016,-6.761132
C:\Users\PC_User\Documents\datasetneoneo\0\0474.png,0,16.129702,-3.5019956,-15.188456,-5.6540728,-8.720653
C:\Users\PC_User\Documents\datasetneoneo\1\3331.png,1,-6.4275823,6.032539,1.3098316,-4.4666295,-6.8227654
C:\Users\PC_User\Documents\datasetneoneo\0\1288.png,0,16.173965,-8.828173,-14.712913,-5.440099,-8.228409
C:\Users\PC_User\Documents\datasetneoneo\0\2003.png,0,15.741219,-4.959189,-14.041091,-6.007807,-8.224406
C:\Users\PC_User\Documents\datasetneoneo\0\2005.png,0,14.408044,-4.053221,-12.451571,-5.618801,-7.6812606
C:\Users\PC_User\Documents\datasetneoneo\0\1638.png,0,13.582869,-9.676708,-11.469042,-4.3517857,-7.557636
C:\Users\PC_User\Documents\datasetneoneo\0\0687.png,0,19.35274,-3.1943033,-17.042698,-7.813838,-11.003769
C:\Users\PC_User\Documents\datasetneoneo\1\1353.png,1,0.5614587,7.5497603,-3.1165903,-5.533798,-6.512607
C:\Users\PC_User\Documents\datasetneoneo\1\1380.png,1,-0.72362196,9.148427,-3.1703756,-6.2600546,-8.125852
C:\Users\PC_User\Documents\datasetneoneo\1\1548.png,1,-3.0184045,6.4344134,-1.7922397,-4.5885377,-5.6900105
C:\Users\PC_User\Documents\datasetneoneo\0\2691.png,0,17.892696,-8.5924015,-16.557219,-6.3203235,-9.261112
C:\Users\PC_User\Documents\datasetneoneo\0\0745.png,0,10.776117,-3.3152752,-11.283859,-3.4815617,-5.5923233
C:\Users\PC_User\Documents\datasetneoneo\0\0499.png,0,17.932283,-7.9576483,-14.04139,-6.375234,-11.210114
C:\Users\PC_User\Documents\datasetneoneo\0\3503.png,0,8.93302,-4.39986,-11.685278,-5.0796027,-4.424142
C:\Users\PC_User\Documents\datasetneoneo\0\0665.png,0,11.763086,5.277901,-12.3659315,-7.338638,-7.8716054
C:\Users\PC_User\Documents\datasetneoneo\0\2840.png,0,11.130076,-6.867268,-11.397675,-3.225096,-5.743183
C:\Users\PC_User\Documents\datasetneoneo\4\0577.png,4,-8.782322,-7.622452,-5.914904,-3.0967023,5.5085335
C:\Users\PC_User\Documents\datasetneoneo\0\1818.png,0,17.338253,-7.6325583,-15.615639,-5.8671913,-8.799141
C:\Users\PC_User\Documents\datasetneoneo\1\1411.png,1,-1.5390501,9.907087,-2.5293927,-7.0335364,-9.558706
C:\Users\PC_User\Documents\datasetneoneo\0\1140.png,0,18.834099,-7.503923,-17.205198,-6.8282003,-9.958654
C:\Users\PC_User\Documents\datasetneoneo\1\3290.png,1,-1.2343997,10.202988,-3.9532902,-6.659618,-9.497948
C:\Users\PC_User\Documents\datasetneoneo\0\1163.png,0,17.567919,-8.826208,-15.938786,-6.0128875,-9.1411085
C:\Users\PC_User\Documents\datasetneoneo\0\0925.png,0,14.153804,-6.5214815,-12.445616,-5.103365,-8.063007
C:\Users\PC_User\Documents\datasetneoneo\0\0955.png,0,18.978273,-2.7106316,-15.904932,-7.9657307,-11.644032
C:\Users\PC_User\Documents\datasetneoneo\0\0913.png,0,17.920197,-1.9430742,-15.566201,-7.550533,-11.088406
C:\Users\PC_User\Documents\datasetneoneo\1\0382.png,1,-0.41881523,10.631554,-2.9196439,-8.443598,-10.348666
C:\Users\PC_User\Documents\datasetneoneo\1\1428.png,1,-1.7866865,8.864206,-2.1050851,-6.3716297,-8.504286
C:\Users\PC_User\Documents\datasetneoneo\0\2396.png,0,18.248077,-9.717481,-16.388512,-6.017642,-9.276938
C:\Users\PC_User\Documents\datasetneoneo\0\2797.png,0,17.622463,-7.4899735,-15.822666,-6.222094,-9.278816
C:\Users\PC_User\Documents\datasetneoneo\1\3280.png,1,-1.997951,5.6286077,-2.188536,-4.256313,-6.153357
C:\Users\PC_User\Documents\datasetneoneo\0\1004.png,0,26.510807,-8.787006,-23.113066,-9.452243,-14.588134
C:\Users\PC_User\Documents\datasetneoneo\2\1470.png,2,-10.309368,-0.5896802,9.604562,-4.6099143,-5.516178
C:\Users\PC_User\Documents\datasetneoneo\2\1253.png,2,-8.521163,-1.6117432,8.142194,-4.4702587,-4.809302
C:\Users\PC_User\Documents\datasetneoneo\4\0567.png,4,-7.3132396,-5.7799172,-2.0709577,-2.3179817,4.2081437
C:\Users\PC_User\Documents\datasetneoneo\0\3067.png,0,19.56818,-3.0140512,-16.665781,-8.718397,-10.905687
C:\Users\PC_User\Documents\datasetneoneo\0\1175.png,0,14.982805,-4.3352237,-13.770965,-5.7640705,-7.9805336
C:\Users\PC_User\Documents\datasetneoneo\1\0339.png,1,3.4042318,8.192695,-5.9582534,-5.616494,-7.0595503
C:\Users\PC_User\Documents\datasetneoneo\0\0904.png,0,19.98126,-4.0958014,-17.401127,-7.684831,-11.987014
C:\Users\PC_User\Documents\datasetneoneo\0\0246.png,0,15.314092,-7.2572412,-13.373914,-5.554741,-8.324213
C:\Users\PC_User\Documents\datasetneoneo\1\3295.png,1,-4.4400587,9.871573,-1.6967044,-6.866068,-10.248964
C:\Users\PC_User\Documents\datasetneoneo\2\3348.png,2,-8.2102375,1.626789,6.602267,-3.9271595,-4.613389
C:\Users\PC_User\Documents\datasetneoneo\3\0177.png,3,-7.4342904,-5.0935516,-1.9273825,5.4936223,-1.3312083
C:\Users\PC_User\Documents\datasetneoneo\0\2577.png,0,17.825764,-8.058044,-16.289293,-6.131934,-9.226816
C:\Users\PC_User\Documents\datasetneoneo\2\0534.png,2,-5.032186,-1.5686754,-2.3325543,-1.8211443,2.1863933
C:\Users\PC_User\Documents\datasetneoneo\0\1620.png,0,11.301199,-6.5519834,-9.844107,-3.747606,-5.8415728
C:\Users\PC_User\Documents\datasetneoneo\0\1186.png,0,14.979241,-5.5899143,-14.068715,-4.8295364,-7.22854
C:\Users\PC_User\Documents\datasetneoneo\2\1534.png,2,-10.463571,-0.8262752,9.85584,-5.3083353,-5.3584228
C:\Users\PC_User\Documents\datasetneoneo\1\1549.png,1,-2.0317717,7.62439,-2.9368837,-5.0958543,-6.711271
C:\Users\PC_User\Documents\datasetneoneo\0\1689.png,0,16.771069,-6.343748,-14.933258,-6.114834,-8.390507
C:\Users\PC_User\Documents\datasetneoneo\0\1930.png,0,10.071616,-4.334194,-8.305341,-4.112937,-5.8916926
C:\Users\PC_User\Documents\datasetneoneo\0\2883.png,0,19.111029,-8.718791,-17.496159,-6.345515,-9.9611
C:\Users\PC_User\Documents\datasetneoneo\0\1289.png,0,16.33788,-8.930378,-14.867661,-5.6063175,-8.231311
C:\Users\PC_User\Documents\datasetneoneo\0\2365.png,0,17.806755,-9.179887,-15.937685,-6.033348,-9.182822
C:\Users\PC_User\Documents\datasetneoneo\1\3132.png,1,-1.3468403,10.687518,-2.7816322,-8.012686,-10.953872
C:\Users\PC_User\Documents\datasetneoneo\0\0705.png,0,19.515388,-1.6134142,-17.346764,-8.709593,-11.081177
C:\Users\PC_User\Documents\datasetneoneo\0\2055.png,0,15.120796,-6.191419,-14.243654,-5.2488995,-7.452124
C:\Users\PC_User\Documents\datasetneoneo\0\1005.png,0,26.336813,-7.1772537,-22.854227,-9.739749,-14.460144
C:\Users\PC_User\Documents\datasetneoneo\1\3124.png,1,0.32693216,10.232577,-3.3899686,-7.925189,-10.3559475
C:\Users\PC_User\Documents\datasetneoneo\0\2959.png,0,22.572493,-5.9854856,-18.997103,-9.120466,-12.978187
C:\Users\PC_User\Documents\datasetneoneo\0\2855.png,0,18.872694,-7.820091,-17.169071,-6.290292,-9.634474
C:\Users\PC_User\Documents\datasetneoneo\2\3396.png,2,-14.955555,-0.36804366,11.369557,-5.125095,-5.7788267
C:\Users\PC_User\Documents\datasetneoneo\0\1891.png,0,13.063225,-1.8957527,-12.745012,-5.5470824,-6.6734014
C:\Users\PC_User\Documents\datasetneoneo\2\0537.png,2,-7.931042,-1.2045306,1.9495628,-1.2876815,0.93154836
C:\Users\PC_User\Documents\datasetneoneo\0\1721.png,0,12.628752,-4.8100777,-11.905513,-4.0780773,-6.1738153
C:\Users\PC_User\Documents\datasetneoneo\0\1640.png,0,13.078604,-8.727789,-10.840273,-4.143292,-7.4096274
C:\Users\PC_User\Documents\datasetneoneo\0\0977.png,0,11.222807,-4.450294,-10.572708,-4.8063326,-5.079371
C:\Users\PC_User\Documents\datasetneoneo\1\0376.png,1,-1.5812579,10.458464,-2.1155977,-8.256436,-10.618396
C:\Users\PC_User\Documents\datasetneoneo\0\2219.png,0,12.421576,1.0796363,-11.684133,-6.221167,-6.70984
C:\Users\PC_User\Documents\datasetneoneo\0\1672.png,0,17.2736,-8.181725,-15.479177,-5.9568224,-9.003916
C:\Users\PC_User\Documents\datasetneoneo\0\0470.png,0,17.037024,-5.1621466,-16.37126,-6.5891747,-8.712265
C:\Users\PC_User\Documents\datasetneoneo\0\2071.png,0,15.00146,-6.2319684,-14.301624,-5.2307906,-7.2894015
C:\Users\PC_User\Documents\datasetneoneo\0\2726.png,0,18.048172,-7.931773,-16.430483,-6.3373504,-9.182089
C:\Users\PC_User\Documents\datasetneoneo\0\1678.png,0,18.922792,-9.121434,-17.088978,-6.8211026,-9.727599
C:\Users\PC_User\Documents\datasetneoneo\0\3226.png,0,20.691397,-8.12387,-17.163425,-8.143623,-11.401119
C:\Users\PC_User\Documents\datasetneoneo\0\2311.png,0,14.958968,-7.960622,-13.746846,-5.3235292,-7.6635957
C:\Users\PC_User\Documents\datasetneoneo\0\1971.png,0,17.366362,-8.127697,-15.769192,-6.007882,-9.084276
C:\Users\PC_User\Documents\datasetneoneo\0\2505.png,0,11.34078,-7.338572,-9.686759,-3.565801,-6.033704
C:\Users\PC_User\Documents\datasetneoneo\0\2168.png,0,15.776918,-7.0138154,-14.8763895,-4.9693036,-7.925534
C:\Users\PC_User\Documents\datasetneoneo\0\0950.png,0,19.630508,-3.3929532,-16.94224,-7.72158,-11.971616
C:\Users\PC_User\Documents\datasetneoneo\0\3235.png,0,17.172855,-8.761778,-16.7276,-6.1454997,-9.250001
C:\Users\PC_User\Documents\datasetneoneo\0\0303.png,0,11.522892,-3.2248232,-10.078573,-5.149857,-7.206951
C:\Users\PC_User\Documents\datasetneoneo\3\0060.png,3,-6.730339,-5.2397366,-3.1093905,6.637426,-2.854751
C:\Users\PC_User\Documents\datasetneoneo\4\0581.png,4,-6.7508845,-8.288092,-7.8229547,-4.742908,6.070541
C:\Users\PC_User\Documents\datasetneoneo\0\3484.png,0,18.234797,-5.1107287,-14.773256,-6.5457783,-10.645467
C:\Users\PC_User\Documents\datasetneoneo\0\0106.png,0,15.012964,-4.1218457,-12.838402,-5.3363767,-8.846178
C:\Users\PC_User\Documents\datasetneoneo\0\2647.png,0,12.346154,-4.7536554,-10.962767,-5.028428,-6.5441275
C:\Users\PC_User\Documents\datasetneoneo\0\0848.png,0,16.071983,-8.042105,-15.3550205,-6.373999,-8.020094
C:\Users\PC_User\Documents\datasetneoneo\0\0486.png,0,17.052061,-4.7255588,-14.460034,-6.1891966,-10.253759
C:\Users\PC_User\Documents\datasetneoneo\1\1546.png,1,-2.7206886,2.9977498,-0.25506175,-3.2141445,-4.508192
C:\Users\PC_User\Documents\datasetneoneo\3\0041.png,3,-6.141961,-6.596694,-4.3813663,7.7565985,-3.541232
C:\Users\PC_User\Documents\datasetneoneo\0\2696.png,0,17.428251,-8.973291,-16.002039,-5.7772474,-9.042833
C:\Users\PC_User\Documents\datasetneoneo\0\1653.png,0,11.64103,-7.0661864,-9.686545,-4.041101,-6.4391484
C:\Users\PC_User\Documents\datasetneoneo\0\3245.png,0,23.041452,-13.080555,-21.012087,-7.251155,-12.52447
C:\Users\PC_User\Documents\datasetneoneo\0\1821.png,0,16.89769,-6.8128605,-15.086419,-5.9836645,-8.69987
C:\Users\PC_User\Documents\datasetneoneo\0\1770.png,0,18.39744,-8.876924,-16.319502,-6.1398106,-9.382132
C:\Users\PC_User\Documents\datasetneoneo\1\0649.png,1,-3.354484,4.1935515,-2.9511685,-3.9177973,-3.406018
C:\Users\PC_User\Documents\datasetneoneo\0\1676.png,0,17.865448,-9.1816025,-16.314861,-6.2791557,-9.01467
C:\Users\PC_User\Documents\datasetneoneo\0\2798.png,0,17.624498,-7.465077,-15.783553,-6.246972,-9.2950945
C:\Users\PC_User\Documents\datasetneoneo\1\3164.png,1,-0.41992682,3.735581,-3.7193284,-2.2483387,-3.019685
C:\Users\PC_User\Documents\datasetneoneo\0\0435.png,0,19.729094,-6.9466343,-15.972186,-7.2605815,-11.040109
C:\Users\PC_User\Documents\datasetneoneo\0\1894.png,0,13.086756,-1.1982847,-12.2347145,-5.7831535,-6.8517704
C:\Users\PC_User\Documents\datasetneoneo\0\1917.png,0,20.492378,-8.8246565,-18.661367,-6.828522,-10.104914
C:\Users\PC_User\Documents\datasetneoneo\0\1688.png,0,16.777721,-6.1974707,-14.976177,-6.0342464,-8.270539
C:\Users\PC_User\Documents\datasetneoneo\2\3451.png,2,-8.288442,-0.32529896,0.8995952,1.5347567,-1.5371244
C:\Users\PC_User\Documents\datasetneoneo\0\3004.png,0,22.306152,-5.996794,-19.049885,-8.730231,-12.611727
C:\Users\PC_User\Documents\datasetneoneo\1\1242.png,1,-9.422462,-1.9372041,8.276497,-4.503538,-4.297571
C:\Users\PC_User\Documents\datasetneoneo\0\1610.png,0,11.352239,-6.7055798,-10.056663,-3.7160573,-5.88065
C:\Users\PC_User\Documents\datasetneoneo\4\0552.png,4,-7.7006907,-7.47848,-5.6072774,-2.9219284,5.064722
C:\Users\PC_User\Documents\datasetneoneo\0\3229.png,0,15.113585,-6.3488784,-14.4138155,-6.251328,-8.31631
C:\Users\PC_User\Documents\datasetneoneo\0\2339.png,0,17.49864,-9.096654,-15.754155,-5.9705825,-8.906678
C:\Users\PC_User\Documents\datasetneoneo\4\0566.png,4,-8.483069,-7.523967,-4.541861,-2.29235,4.815201
C:\Users\PC_User\Documents\datasetneoneo\1\0660.png,1,-1.6091073,10.294367,-4.046361,-6.693869,-9.266562
C:\Users\PC_User\Documents\datasetneoneo\1\3309.png,1,-0.99690145,8.325374,-3.140266,-5.6344,-7.801239
C:\Users\PC_User\Documents\datasetneoneo\1\0646.png,1,-0.73563564,7.66038,-3.2013733,-6.1379957,-6.9329233
C:\Users\PC_User\Documents\datasetneoneo\0\1838.png,0,16.704918,-6.4485097,-14.974414,-6.2160964,-8.678664
C:\Users\PC_User\Documents\datasetneoneo\0\0694.png,0,19.69755,-2.950667,-16.964552,-8.21077,-11.13543
C:\Users\PC_User\Documents\datasetneoneo\0\0896.png,0,17.381723,-9.105393,-14.995825,-5.4635053,-9.706408
C:\Users\PC_User\Documents\datasetneoneo\0\3185.png,0,17.438337,-6.06258,-14.75994,-5.944631,-9.965159
C:\Users\PC_User\Documents\datasetneoneo\1\0386.png,1,-1.4674227,9.017827,-4.107735,-7.180882,-7.8321695
C:\Users\PC_User\Documents\datasetneoneo\0\0682.png,0,15.610044,-2.2553275,-13.643046,-6.536203,-8.537903
C:\Users\PC_User\Documents\datasetneoneo\0\2865.png,0,12.3893585,-5.593851,-12.435446,-4.387418,-5.9632735
C:\Users\PC_User\Documents\datasetneoneo\0\2659.png,0,13.333075,-6.170505,-11.558129,-5.026633,-7.595863
C:\Users\PC_User\Documents\datasetneoneo\2\1480.png,2,-13.103713,-0.68159324,12.1596985,-5.809978,-6.1485643
C:\Users\PC_User\Documents\datasetneoneo\1\0378.png,1,-1.5093735,10.193029,-2.6442688,-7.8671627,-9.899821
C:\Users\PC_User\Documents\datasetneoneo\0\2124.png,0,15.490804,-6.5022335,-14.58375,-5.2357483,-7.7943373
C:\Users\PC_User\Documents\datasetneoneo\2\1467.png,2,-8.147566,-0.042041346,6.507804,-3.3544424,-3.2601566
C:\Users\PC_User\Documents\datasetneoneo\1\1265.png,1,-1.2962018,7.4282312,-2.3870595,-5.13599,-6.6993217
C:\Users\PC_User\Documents\datasetneoneo\1\0654.png,1,-2.442422,9.923491,-4.267085,-6.763032,-8.866826
C:\Users\PC_User\Documents\datasetneoneo\2\3428.png,2,-11.923206,-0.4171273,9.505699,-3.7750666,-4.8128233
C:\Users\PC_User\Documents\datasetneoneo\0\0489.png,0,20.202398,-7.2493615,-16.205482,-6.509057,-11.385741
C:\Users\PC_User\Documents\datasetneoneo\0\3221.png,0,20.140894,-8.408265,-17.263836,-6.654094,-11.18263
C:\Users\PC_User\Documents\datasetneoneo\0\0317.png,0,14.338599,-5.7627153,-14.651603,-5.21691,-6.6921296
C:\Users\PC_User\Documents\datasetneoneo\0\2722.png,0,18.317602,-7.983408,-16.661015,-6.4335327,-9.292247
C:\Users\PC_User\Documents\datasetneoneo\0\0429.png,0,16.7592,-2.651148,-13.413451,-6.6070476,-9.579734
C:\Users\PC_User\Documents\datasetneoneo\0\3242.png,0,23.259811,-13.253114,-21.194052,-7.2489257,-12.574412
C:\Users\PC_User\Documents\datasetneoneo\0\0495.png,0,18.236063,-8.204706,-14.482436,-6.3406296,-10.830368
C:\Users\PC_User\Documents\datasetneoneo\0\2104.png,0,15.063663,-6.5084248,-14.383517,-5.0033817,-7.5496807
C:\Users\PC_User\Documents\datasetneoneo\0\1703.png,0,13.414695,-4.582382,-12.119534,-5.158039,-7.010768
C:\Users\PC_User\Documents\datasetneoneo\2\3399.png,2,-13.410577,-1.3063854,10.53091,-4.034898,-5.8385897
C:\Users\PC_User\Documents\datasetneoneo\0\0929.png,0,14.650379,-6.331554,-12.066256,-5.1321864,-8.137692
C:\Users\PC_User\Documents\datasetneoneo\3\0067.png,3,-4.114254,-6.836755,-5.732092,6.9050364,-3.7424786
C:\Users\PC_User\Documents\datasetneoneo\0\2314.png,0,16.291523,-8.065239,-14.632226,-5.9166174,-8.484038
C:\Users\PC_User\Documents\datasetneoneo\3\0201.png,3,-0.92890257,-1.1255234,-3.5938056,-0.86188084,0.17753518
C:\Users\PC_User\Documents\datasetneoneo\0\0503.png,0,17.400997,-6.9230123,-13.551093,-6.5470486,-11.01523
C:\Users\PC_User\Documents\datasetneoneo\0\0932.png,0,10.86793,-1.5279179,-8.290132,-5.075736,-6.8773026
C:\Users\PC_User\Documents\datasetneoneo\0\1578.png,0,15.118419,-1.8210366,-13.82847,-6.023525,-8.011412
C:\Users\PC_User\Documents\datasetneoneo\0\2025.png,0,15.985172,-5.3403916,-14.152693,-5.90722,-8.259194
C:\Users\PC_User\Documents\datasetneoneo\2\3381.png,2,-10.233476,0.4118935,7.6250887,-3.1360316,-5.3244863
C:\Users\PC_User\Documents\datasetneoneo\0\1646.png,0,13.387391,-8.730583,-11.539242,-4.3227324,-7.1167064
C:\Users\PC_User\Documents\datasetneoneo\1\3326.png,1,-2.094895,4.97629,-0.44221386,-3.8132634,-5.812112
C:\Users\PC_User\Documents\datasetneoneo\0\3462.png,0,12.202527,2.0379872,-11.065354,-6.442407,-7.2654276
C:\Users\PC_User\Documents\datasetneoneo\0\2975.png,0,22.38434,-6.807354,-19.045073,-8.523974,-12.699123
C:\Users\PC_User\Documents\datasetneoneo\2\1527.png,2,-11.9474,-1.0834872,10.856762,-5.594864,-4.9556675
C:\Users\PC_User\Documents\datasetneoneo\4\0186.png,4,-9.333243,-5.980528,-5.3834047,-2.5780845,4.6909537
C:\Users\PC_User\Documents\datasetneoneo\2\3449.png,2,-3.7265222,0.9045275,1.1962218,-1.2574257,-3.557945
C:\Users\PC_User\Documents\datasetneoneo\3\0015.png,3,-6.800565,-4.7067313,-2.7007515,6.37918,-2.460716
C:\Users\PC_User\Documents\datasetneoneo\0\1803.png,0,17.990788,-8.146442,-16.012133,-6.207833,-9.280429
C:\Users\PC_User\Documents\datasetneoneo\2\3355.png,2,-12.117911,0.84810215,8.798163,-3.1415272,-5.99578
C:\Users\PC_User\Documents\datasetneoneo\0\1885.png,0,6.901022,2.5951097,-7.64316,-4.8889475,-4.983094
C:\Users\PC_User\Documents\datasetneoneo\0\1309.png,0,14.917372,-5.295213,-13.379492,-6.1026692,-7.886137
C:\Users\PC_User\Documents\datasetneoneo\0\2936.png,0,22.220417,-6.5624223,-18.818222,-8.677747,-12.530683
C:\Users\PC_User\Documents\datasetneoneo\2\1536.png,2,-10.005003,-0.79369324,8.2291155,-4.1796455,-4.4420857
C:\Users\PC_User\Documents\datasetneoneo\0\1292.png,0,15.491552,-7.218909,-14.150847,-5.8435335,-7.9335027
C:\Users\PC_User\Documents\datasetneoneo\0\1627.png,0,12.865313,-9.414287,-11.273421,-3.8964717,-6.982625
C:\Users\PC_User\Documents\datasetneoneo\1\1267.png,1,-0.40288714,6.8040633,-2.7524781,-4.968964,-6.216129
C:\Users\PC_User\Documents\datasetneoneo\0\1794.png,0,15.407752,-6.092866,-13.733906,-5.6507845,-7.949352
C:\Users\PC_User\Documents\datasetneoneo\0\3236.png,0,17.851122,-7.7371306,-17.164518,-6.577391,-9.632273
C:\Users\PC_User\Documents\datasetneoneo\0\0815.png,0,17.545706,-7.582736,-16.46231,-4.5033383,-8.970917
C:\Users\PC_User\Documents\datasetneoneo\0\2108.png,0,15.580036,-7.096472,-14.676072,-5.1887,-7.874396
C:\Users\PC_User\Documents\datasetneoneo\0\0894.png,0,19.428776,-4.174519,-16.941544,-7.308756,-11.616034
C:\Users\PC_User\Documents\datasetneoneo\4\0611.png,4,-8.410073,-10.064278,-9.039391,-4.308767,6.6845355
C:\Users\PC_User\Documents\datasetneoneo\2\3383.png,2,-10.89324,0.045731157,8.683106,-3.0599434,-4.742353
C:\Users\PC_User\Documents\datasetneoneo\0\1744.png,0,16.313675,-5.9599266,-14.601554,-6.1312428,-8.533883
C:\Users\PC_User\Documents\datasetneoneo\0\0483.png,0,18.965477,-6.792681,-17.003927,-6.5087423,-10.719209
C:\Users\PC_User\Documents\datasetneoneo\0\2280.png,0,14.534113,-7.9605217,-13.596333,-5.2313128,-7.5396333
C:\Users\PC_User\Documents\datasetneoneo\0\0099.png,0,14.883265,-8.473785,-15.088731,-6.059547,-6.9799194
C:\Users\PC_User\Documents\datasetneoneo\2\1535.png,2,-9.795099,-1.5056868,8.615852,-4.6063313,-4.3233824
C:\Users\PC_User\Documents\datasetneoneo\0\0933.png,0,19.700344,-2.9951086,-17.006184,-7.8713,-12.068704
C:\Users\PC_User\Documents\datasetneoneo\1\1433.png,1,-1.295145,6.6089406,-2.0143392,-4.4649644,-6.198601
C:\Users\PC_User\Documents\datasetneoneo\0\0935.png,0,13.778239,-3.649924,-11.136158,-5.549043,-8.123592
C:\Users\PC_User\Documents\datasetneoneo\0\0249.png,0,16.15998,-7.376169,-13.5678215,-6.329599,-9.696042
C:\Users\PC_User\Documents\datasetneoneo\0\2458.png,0,13.2630205,-2.419101,-12.436537,-5.07681,-6.3499713
C:\Users\PC_User\Documents\datasetneoneo\0\2477.png,0,17.92908,-5.8942137,-16.88173,-6.257806,-8.854481
C:\Users\PC_User\Documents\datasetneoneo\0\1651.png,0,10.73906,-7.4827123,-9.354185,-3.4621227,-5.6037393
C:\Users\PC_User\Documents\datasetneoneo\0\1862.png,0,16.74174,-7.687645,-15.593091,-5.935529,-8.674703
C:\Users\PC_User\Documents\datasetneoneo\0\1003.png,0,25.69641,-8.299957,-22.207132,-9.334963,-14.044082
C:\Users\PC_User\Documents\datasetneoneo\1\1400.png,1,-0.40026954,9.883478,-3.6103895,-6.805903,-8.8611
C:\Users\PC_User\Documents\datasetneoneo\1\0385.png,1,-0.8316087,9.067857,-4.5725965,-7.362519,-7.9064584
C:\Users\PC_User\Documents\datasetneoneo\0\0937.png,0,10.418045,-2.0113237,-8.742102,-5.287394,-6.427667
C:\Users\PC_User\Documents\datasetneoneo\0\1706.png,0,13.955029,-5.003744,-12.568651,-5.7399836,-7.361875
C:\Users\PC_User\Documents\datasetneoneo\0\3199.png,0,17.465157,-5.138098,-15.491997,-5.9477186,-9.99562
C:\Users\PC_User\Documents\datasetneoneo\1\0217.png,1,0.27516446,0.84871334,-1.6826487,-1.2606645,-1.8827204
C:\Users\PC_User\Documents\datasetneoneo\0\2473.png,0,17.503193,-4.9402704,-16.284422,-6.132758,-8.846975
C:\Users\PC_User\Documents\datasetneoneo\0\0767.png,0,20.745623,-11.161151,-18.750183,-5.9596815,-10.595846
C:\Users\PC_User\Documents\datasetneoneo\1\0224.png,1,0.108804554,2.8849642,-0.79140854,-3.102544,-3.3500223
C:\Users\PC_User\Documents\datasetneoneo\0\2558.png,0,17.51472,-7.2565136,-15.762471,-6.1271596,-8.951029
C:\Users\PC_User\Documents\datasetneoneo\0\0245.png,0,15.318981,-7.710893,-13.242457,-5.302769,-8.265236
C:\Users\PC_User\Documents\datasetneoneo\2\1257.png,2,-7.586749,-1.9677322,5.8629227,-2.409462,-3.1011627
C:\Users\PC_User\Documents\datasetneoneo\0\0172.png,0,17.205477,-8.448332,-14.77448,-6.0445185,-9.310952
C:\Users\PC_User\Documents\datasetneoneo\0\1312.png,0,16.59775,-5.9474,-14.930857,-6.6384916,-8.672178
C:\Users\PC_User\Documents\datasetneoneo\0\1670.png,0,17.047743,-8.223435,-15.397163,-5.895746,-8.885645
C:\Users\PC_User\Documents\datasetneoneo\0\1328.png,0,13.495496,-2.9370832,-11.990009,-6.1914573,-6.928672
C:\Users\PC_User\Documents\datasetneoneo\0\2301.png,0,14.752652,-7.367423,-13.513879,-5.5076036,-7.682262
C:\Users\PC_User\Documents\datasetneoneo\0\1145.png,0,17.932198,-5.900568,-16.152412,-6.646369,-9.340547
C:\Users\PC_User\Documents\datasetneoneo\0\1815.png,0,15.183142,-5.0864162,-13.738211,-5.8123937,-7.968914
C:\Users\PC_User\Documents\datasetneoneo\0\0936.png,0,19.640852,-3.1041043,-16.866762,-7.993635,-12.25204
C:\Users\PC_User\Documents\datasetneoneo\0\2236.png,0,11.395969,-6.205451,-9.791902,-4.145754,-5.772763
C:\Users\PC_User\Documents\datasetneoneo\0\2613.png,0,18.360537,-8.406443,-16.942335,-6.2720423,-9.423567
C:\Users\PC_User\Documents\datasetneoneo\0\2635.png,0,17.158993,-7.731119,-16.223593,-5.801546,-8.479628
C:\Users\PC_User\Documents\datasetneoneo\1\1403.png,1,-0.3758495,9.950804,-3.704302,-6.7804713,-8.827593
C:\Users\PC_User\Documents\datasetneoneo\0\1673.png,0,17.736162,-8.837009,-16.102484,-5.909439,-9.129059
C:\Users\PC_User\Documents\datasetneoneo\0\2862.png,0,19.31264,-9.329938,-17.869015,-6.3642745,-9.968425
C:\Users\PC_User\Documents\datasetneoneo\0\2539.png,0,16.210941,-7.600718,-14.896619,-5.703281,-8.241292
C:\Users\PC_User\Documents\datasetneoneo\0\2469.png,0,15.164214,-3.2121055,-14.229268,-5.8492637,-7.839393
C:\Users\PC_User\Documents\datasetneoneo\1\1340.png,1,0.6193099,9.547764,-3.458833,-7.0791383,-8.519843
C:\Users\PC_User\Documents\datasetneoneo\0\3465.png,0,14.862509,-0.4149772,-12.106097,-7.259269,-9.353976
C:\Users\PC_User\Documents\datasetneoneo\2\1276.png,2,-8.557808,-1.8554811,7.215621,-3.4387093,-2.9743218
C:\Users\PC_User\Documents\datasetneoneo\0\2371.png,0,17.882647,-9.222623,-16.03556,-5.996388,-9.237725
C:\Users\PC_User\Documents\datasetneoneo\0\0291.png,0,17.318886,-6.495539,-17.442087,-6.016237,-9.283581
C:\Users\PC_User\Documents\datasetneoneo\2\1462.png,2,-10.693986,2.1916158,7.2928195,-3.467037,-6.5467973
C:\Users\PC_User\Documents\datasetneoneo\0\2054.png,0,15.164091,-6.0907903,-14.318141,-5.3572226,-7.4575567
C:\Users\PC_User\Documents\datasetneoneo\0\3053.png,0,17.59592,-1.8146973,-14.754992,-8.471255,-10.053405
C:\Users\PC_User\Documents\datasetneoneo\0\2138.png,0,15.255815,-6.4903545,-14.3782215,-5.1921115,-7.801421
C:\Users\PC_User\Documents\datasetneoneo\0\2835.png,0,16.241028,-7.9539776,-14.714433,-5.6993723,-8.824212
C:\Users\PC_User\Documents\datasetneoneo\0\2987.png,0,21.624598,-6.169218,-18.335548,-8.401492,-12.413666
C:\Users\PC_User\Documents\datasetneoneo\0\1769.png,0,17.514267,-7.364192,-15.724855,-6.233913,-9.01043
C:\Users\PC_User\Documents\datasetneoneo\0\0822.png,0,14.942578,-3.524293,-13.307719,-5.8328257,-9.368255
C:\Users\PC_User\Documents\datasetneoneo\1\1381.png,1,0.08615594,8.823668,-3.5336018,-6.0125937,-7.616957
C:\Users\PC_User\Documents\datasetneoneo\4\0570.png,4,-9.118987,-7.8389807,-5.748727,-2.9122922,5.7865057
C:\Users\PC_User\Documents\datasetneoneo\0\2699.png,0,17.398369,-8.682541,-16.106188,-5.8406425,-8.75067
C:\Users\PC_User\Documents\datasetneoneo\0\2161.png,0,15.310679,-5.9949627,-14.0821,-5.432897,-7.888576
C:\Users\PC_User\Documents\datasetneoneo\2\1284.png,2,-9.994853,-2.3534594,9.330847,-4.1099906,-4.254604
C:\Users\PC_User\Documents\datasetneoneo\4\0573.png,4,-7.0952635,-6.782343,-4.653775,-2.6387885,4.575915
C:\Users\PC_User\Documents\datasetneoneo\0\1164.png,0,15.84413,-5.918931,-14.51981,-5.459791,-7.579062
C:\Users\PC_User\Documents\datasetneoneo\0\2650.png,0,10.882821,-4.152657,-9.555143,-4.942527,-6.2742724
C:\Users\PC_User\Documents\datasetneoneo\0\1306.png,0,15.438082,-5.818819,-13.920061,-5.600399,-8.100445
C:\Users\PC_User\Documents\datasetneoneo\0\2683.png,0,12.240665,-5.5308313,-10.656678,-4.9156504,-6.9055347
C:\Users\PC_User\Documents\datasetneoneo\0\2121.png,0,15.637282,-7.040112,-14.853283,-5.205436,-7.9649816
C:\Users\PC_User\Documents\datasetneoneo\0\0271.png,0,15.2799835,-4.5421157,-13.7949,-5.615884,-7.5171986
C:\Users\PC_User\Documents\datasetneoneo\1\1435.png,1,-1.3104924,7.230888,-2.0482347,-5.154039,-6.951023
C:\Users\PC_User\Documents\datasetneoneo\1\1450.png,1,-1.6115276,5.321514,-0.4883357,-4.900717,-5.14078
C:\Users\PC_User\Documents\datasetneoneo\0\1946.png,0,13.479226,-8.960342,-11.219603,-4.1910973,-7.473457
C:\Users\PC_User\Documents\datasetneoneo\0\3041.png,0,20.614084,-5.387262,-17.365934,-8.210571,-11.98688
C:\Users\PC_User\Documents\datasetneoneo\0\0899.png,0,16.380953,-7.9666624,-13.97869,-5.3799815,-9.356679
C:\Users\PC_User\Documents\datasetneoneo\0\0478.png,0,12.383071,-3.989152,-12.68401,-4.732963,-7.2570195
C:\Users\PC_User\Documents\datasetneoneo\0\3060.png,0,19.50606,-3.3825626,-16.597004,-8.488223,-11.011122
C:\Users\PC_User\Documents\datasetneoneo\1\1240.png,1,-4.3260217,6.0438056,0.91966885,-4.911581,-8.039245
C:\Users\PC_User\Documents\datasetneoneo\0\1182.png,0,5.084376,-1.210814,-3.8601804,-4.3677616,-5.2791047
C:\Users\PC_User\Documents\datasetneoneo\0\3504.png,0,14.957931,-6.5902824,-13.489543,-6.0456705,-8.5869875
C:\Users\PC_User\Documents\datasetneoneo\0\2537.png,0,15.711299,-7.4076357,-14.435299,-5.5918784,-8.133773
C:\Users\PC_User\Documents\datasetneoneo\0\0446.png,0,13.863365,-6.405635,-11.832714,-5.267773,-8.033071
C:\Users\PC_User\Documents\datasetneoneo\0\0674.png,0,20.317078,-2.752905,-18.138865,-8.829849,-11.481459
C:\Users\PC_User\Documents\datasetneoneo\0\2115.png,0,15.4831505,-6.9240174,-14.816854,-5.078796,-7.7472086
C:\Users\PC_User\Documents\datasetneoneo\3\0400.png,3,-5.3715243,-4.9207954,-2.6770897,5.47734,-2.0934758
C:\Users\PC_User\Documents\datasetneoneo\1\3283.png,1,-2.298577,7.1437545,-2.961203,-4.2531347,-7.1724625
C:\Users\PC_User\Documents\datasetneoneo\3\0176.png,3,-9.0011215,-2.4103615,0.539016,4.6143427,-0.6194209
C:\Users\PC_User\Documents\datasetneoneo\1\3301.png,1,1.8129945,7.8456473,-5.689483,-5.7615523,-6.386599
C:\Users\PC_User\Documents\datasetneoneo\2\3434.png,2,-12.652101,0.099739075,9.434811,-4.345353,-4.5109763
C:\Users\PC_User\Documents\datasetneoneo\0\0787.png,0,21.284628,-11.075165,-18.932848,-6.210333,-11.065266
C:\Users\PC_User\Documents\datasetneoneo\0\3039.png,0,17.713129,-2.3128,-14.625194,-8.050249,-10.215615
C:\Users\PC_User\Documents\datasetneoneo\1\3457.png,1,0.121665984,7.3724937,-3.4688709,-4.91756,-6.482957
C:\Users\PC_User\Documents\datasetneoneo\0\1978.png,0,19.809988,-9.059291,-17.967037,-6.9380994,-10.363159
C:\Users\PC_User\Documents\datasetneoneo\2\1478.png,2,-11.863701,-0.9266062,10.751261,-5.0324616,-5.5128117
C:\Users\PC_User\Documents\datasetneoneo\4\0621.png,4,-6.4283566,-7.8302526,-7.901189,-3.8310947,5.8115897
C:\Users\PC_User\Documents\datasetneoneo\1\3333.png,1,-7.598803,5.2300444,1.4753735,-4.044077,-7.0815463
C:\Users\PC_User\Documents\datasetneoneo\0\1579.png,0,11.402249,1.9798306,-10.511419,-5.767114,-6.610643
C:\Users\PC_User\Documents\datasetneoneo\0\2565.png,0,17.828705,-8.225392,-16.47506,-6.212263,-9.127338
C:\Users\PC_User\Documents\datasetneoneo\0\2167.png,0,17.44576,-8.382986,-16.392166,-5.755965,-8.757565
C:\Users\PC_User\Documents\datasetneoneo\0\2518.png,0,16.244562,-8.289067,-15.090467,-5.759737,-8.428537
C:\Users\PC_User\Documents\datasetneoneo\0\2019.png,0,15.498481,-4.292538,-13.720372,-6.121026,-8.068824
C:\Users\PC_User\Documents\datasetneoneo\0\1134.png,0,19.44275,-8.30327,-17.52151,-7.140465,-10.165977
C:\Users\PC_User\Documents\datasetneoneo\0\0458.png,0,20.02093,-7.102072,-18.31118,-7.206611,-10.54416
C:\Users\PC_User\Documents\datasetneoneo\0\1662.png,0,17.293262,-8.208435,-15.913091,-6.1897106,-8.970619
C:\Users\PC_User\Documents\datasetneoneo\0\1943.png,0,13.760881,-9.285854,-11.657912,-4.215023,-7.46762
C:\Users\PC_User\Documents\datasetneoneo\0\2483.png,0,19.190744,-6.998791,-17.661087,-6.490978,-9.43948
C:\Users\PC_User\Documents\datasetneoneo\1\1248.png,1,-3.9656198,7.370484,0.38281223,-5.5127463,-8.437775
C:\Users\PC_User\Documents\datasetneoneo\2\1539.png,2,-7.9814224,3.7842107,5.026021,-5.2586627,-6.936636
C:\Users\PC_User\Documents\datasetneoneo\1\3093.png,1,-0.22144726,10.9248495,-3.9283586,-8.43679,-10.294561
C:\Users\PC_User\Documents\datasetneoneo\0\2874.png,0,15.058887,-4.448328,-13.757204,-6.275885,-8.347359
